AUTOR;DATA;NOME DO LOCAL;SOLO/ÁGUA;CARACTERÍSTICA LOCAL;STATUS AMBIENTAL;Latitude 1;Longitude 2;PONTO;TRATAMENTO;ESTADO DO SOLO;pH;TEMPERATURA;MATÉRIA ÔRGANICA;OD (mg/L);COND (µc/cm);OD (%);RÉPLICA;CÂMARA;CO2 flux (mg/m2/day)
Thiago Pereira ;01/11/2022;PONTA DO MORRO ;SOLO;NASCENTE;Natural;-16.18649722;-57.53737222;1;SOLO EXPOSTO;Natural;;;;;;;1;TRANSPARENTE;42844.84
Thiago Pereira ;01/11/2022;PONTA DO MORRO ;SOLO;NASCENTE;Natural;-16.18649722;-57.53737222;1;SOLO EXPOSTO;Natural;;;;;;;2;TRANSPARENTE;32096.86
Thiago Pereira ;01/11/2022;PONTA DO MORRO ;SOLO;NASCENTE;Natural;-16.18649722;-57.53737222;1;SOLO VEGETADO;Natural;;;;;;;1;TRANSPARENTE;8861.40
Thiago Pereira ;01/11/2022;PONTA DO MORRO ;SOLO;NASCENTE;Natural;-16.18649722;-57.53737222;1;SOLO VEGETADO;Natural;;;;;;;2;TRANSPARENTE;15974.03
Thiago Pereira ;01/11/2022;PONTA DO MORRO ;SOLO;NASCENTE;Natural;-16.18649722;-57.53737222;1;SOLO EXPOSTO;Natural;;;;;;;1;ESCURA;21384.70
Thiago Pereira ;01/11/2022;PONTA DO MORRO ;SOLO;NASCENTE;Natural;-16.18649722;-57.53737222;1;SOLO EXPOSTO;Natural;;;;;;;2;ESCURA;75298.84
Thiago Pereira ;01/11/2022;PONTA DO MORRO ;SOLO;NASCENTE;Natural;-16.18649722;-57.53737222;1;SOLO VEGETADO;Natural;;;;;;;1;ESCURA;51683.92
Thiago Pereira ;01/11/2022;PONTA DO MORRO ;SOLO;NASCENTE;Natural;-16.18649722;-57.53737222;1;SOLO VEGETADO;Natural;;;;;;;2;ESCURA;89045.45
Thiago Pereira ;01/11/2022;ÁGUAS CLARAS;SOLO;NASCENTE;Natural;-16.08067222;-57.56555000;2;SOLO EXPOSTO;Natural;;;;;;;1;TRANSPARENTE;38758.64
Thiago Pereira ;01/11/2022;ÁGUAS CLARAS;SOLO;NASCENTE;Natural;-16.08067222;-57.56555000;2;SOLO EXPOSTO;Natural;;;;;;;2;TRANSPARENTE;69003.48
Thiago Pereira ;01/11/2022;ÁGUAS CLARAS;SOLO;NASCENTE;Natural;-16.08067222;-57.56555000;2;SOLO VEGETADO;Natural;;;;;;;1;TRANSPARENTE;-83375.55
Thiago Pereira ;01/11/2022;ÁGUAS CLARAS;SOLO;NASCENTE;Natural;-16.08067222;-57.56555000;2;SOLO VEGETADO;Natural;;;;;;;2;TRANSPARENTE;-90385.21
Thiago Pereira ;01/11/2022;ÁGUAS CLARAS;SOLO;NASCENTE;Natural;-16.08067222;-57.56555000;2;SOLO EXPOSTO;Natural;;;;;;;1;ESCURA;39839.78
Thiago Pereira ;01/11/2022;ÁGUAS CLARAS;SOLO;NASCENTE;Natural;-16.08067222;-57.56555000;2;SOLO EXPOSTO;Natural;;;;;;;2;ESCURA;44964.69
Thiago Pereira ;01/11/2022;ÁGUAS CLARAS;SOLO;NASCENTE;Natural;-16.08067222;-57.56555000;2;SOLO VEGETADO;Natural;;;;;;;1;ESCURA;5527.33
Thiago Pereira ;01/11/2022;ÁGUAS CLARAS;SOLO;NASCENTE;Natural;-16.08067222;-57.56555000;2;SOLO VEGETADO;Natural;;;;;;;2;ESCURA;12115.89
Thiago Pereira ;01/11/2022;DANILO;SOLO;PERCURSO;Natural;-16.07513889;-57.57181389;3;SOLO EXPOSTO;Natural;;;;;;;1;TRANSPARENTE;28777.61
Thiago Pereira ;01/11/2022;DANILO;SOLO;PERCURSO;Natural;-16.07513889;-57.57181389;3;SOLO EXPOSTO;Natural;;;;;;;2;TRANSPARENTE;73520.26
Thiago Pereira ;01/11/2022;DANILO;SOLO;PERCURSO;Natural;-16.07513889;-57.57181389;3;SOLO VEGETADO;Natural;;;;;;;1;TRANSPARENTE;10090.63
Thiago Pereira ;01/11/2022;DANILO;SOLO;PERCURSO;Natural;-16.07513889;-57.57181389;3;SOLO VEGETADO;Natural;;;;;;;2;TRANSPARENTE;29824.29
Thiago Pereira ;01/11/2022;DANILO;SOLO;PERCURSO;Natural;-16.07513889;-57.57181389;3;SOLO EXPOSTO;Natural;;;;;;;1;ESCURA;39730.39
Thiago Pereira ;01/11/2022;DANILO;SOLO;PERCURSO;Natural;-16.07513889;-57.57181389;3;SOLO EXPOSTO;Natural;;;;;;;2;ESCURA;38791.52
Thiago Pereira ;01/11/2022;DANILO;SOLO;PERCURSO;Natural;-16.07513889;-57.57181389;3;SOLO VEGETADO;Natural;;;;;;;1;ESCURA;15630.60
Thiago Pereira ;01/11/2022;DANILO;SOLO;PERCURSO;Natural;-16.07513889;-57.57181389;3;SOLO VEGETADO;Natural;;;;;;;2;ESCURA;30260.84
Thiago Pereira ;01/11/2022;PIRAPUTANGA ;SOLO;CACHOEIRA;Natural;-16.05816667;-57.57170833;4;SOLO EXPOSTO;Natural;;;;;;;1;TRANSPARENTE;26791.80
Thiago Pereira ;01/11/2022;PIRAPUTANGA ;SOLO;CACHOEIRA;Natural;-16.05816667;-57.57170833;4;SOLO EXPOSTO;Natural;;;;;;;2;TRANSPARENTE;43984.75
Thiago Pereira ;01/11/2022;PIRAPUTANGA ;SOLO;CACHOEIRA;Natural;-16.05816667;-57.57170833;4;SOLO VEGETADO;Natural;;;;;;;1;TRANSPARENTE;17498.39
Thiago Pereira ;01/11/2022;PIRAPUTANGA ;SOLO;CACHOEIRA;Natural;-16.05816667;-57.57170833;4;SOLO VEGETADO;Natural;;;;;;;2;TRANSPARENTE;31744.52
Thiago Pereira ;01/11/2022;PIRAPUTANGA ;SOLO;CACHOEIRA;Natural;-16.05816667;-57.57170833;4;SOLO EXPOSTO;Natural;;;;;;;1;ESCURA;9442.34
Thiago Pereira ;01/11/2022;PIRAPUTANGA ;SOLO;CACHOEIRA;Natural;-16.05816667;-57.57170833;4;SOLO EXPOSTO;Natural;;;;;;;2;ESCURA;40012.50
Thiago Pereira ;01/11/2022;PIRAPUTANGA ;SOLO;CACHOEIRA;Natural;-16.05816667;-57.57170833;4;SOLO VEGETADO;Natural;;;;;;;1;ESCURA;24617.19
Thiago Pereira ;01/11/2022;PIRAPUTANGA ;SOLO;CACHOEIRA;Natural;-16.05816667;-57.57170833;4;SOLO VEGETADO;Natural;;;;;;;2;ESCURA;41577.21
Thiago Pereira ;01/11/2022;RIBEIRÃO ;SOLO;FOZ;Natural;-16.02602500;-57.62521667;5;SOLO EXPOSTO;Natural;;;;;;;1;TRANSPARENTE;28534.00
Thiago Pereira ;01/11/2022;RIBEIRÃO ;SOLO;FOZ;Natural;-16.02602500;-57.62521667;5;SOLO EXPOSTO;Natural;;;;;;;2;TRANSPARENTE;41850.55
Thiago Pereira ;01/11/2022;RIBEIRÃO ;SOLO;FOZ;Natural;-16.02602500;-57.62521667;5;SOLO VEGETADO;Natural;;;;;;;1;TRANSPARENTE;34257.86
Thiago Pereira ;01/11/2022;RIBEIRÃO ;SOLO;FOZ;Natural;-16.02602500;-57.62521667;5;SOLO VEGETADO;Natural;;;;;;;2;TRANSPARENTE;92879.93
Thiago Pereira ;01/11/2022;RIBEIRÃO ;SOLO;FOZ;Natural;-16.02602500;-57.62521667;5;SOLO EXPOSTO;Natural;;;;;;;1;ESCURA;8599.39
Thiago Pereira ;01/11/2022;RIBEIRÃO ;SOLO;FOZ;Natural;-16.02602500;-57.62521667;5;SOLO EXPOSTO;Natural;;;;;;;2;ESCURA;14620.87
Thiago Pereira ;01/11/2022;RIBEIRÃO ;SOLO;FOZ;Natural;-16.02602500;-57.62521667;5;SOLO VEGETADO;Natural;;;;;;;1;ESCURA;27126.87
Thiago Pereira ;01/11/2022;RIBEIRÃO ;SOLO;FOZ;Natural;-16.02602500;-57.62521667;5;SOLO VEGETADO;Natural;;;;;;;2;ESCURA;42503.20
Thiago Pereira ;22/05/2023;PONTA DO MORRO ;SOLO;NASCENTE;Natural;-16.18649722;-57.53737222;1;SOLO EXPOSTO;Natural;;;;;;;1;TRANSPARENTE;5714.16
Thiago Pereira ;22/05/2023;PONTA DO MORRO ;SOLO;NASCENTE;Natural;-16.18649722;-57.53737222;1;SOLO EXPOSTO;Natural;;;;;;;2;TRANSPARENTE;19306.24
Thiago Pereira ;22/05/2023;PONTA DO MORRO ;SOLO;NASCENTE;Natural;-16.18649722;-57.53737222;1;SOLO VEGETADO;Natural;;;;;;;1;TRANSPARENTE;18482.06
Thiago Pereira ;22/05/2023;PONTA DO MORRO ;SOLO;NASCENTE;Natural;-16.18649722;-57.53737222;1;SOLO VEGETADO;Natural;;;;;;;2;TRANSPARENTE;22269.16
Thiago Pereira ;22/05/2023;PONTA DO MORRO ;SOLO;NASCENTE;Natural;-16.18649722;-57.53737222;1;SOLO EXPOSTO;Natural;;;;;;;1;ESCURA;10718.03
Thiago Pereira ;22/05/2023;PONTA DO MORRO ;SOLO;NASCENTE;Natural;-16.18649722;-57.53737222;1;SOLO EXPOSTO;Natural;;;;;;;2;ESCURA;17487.91
Thiago Pereira ;22/05/2023;PONTA DO MORRO ;SOLO;NASCENTE;Natural;-16.18649722;-57.53737222;1;SOLO VEGETADO;Natural;;;;;;;1;ESCURA;20190.95
Thiago Pereira ;22/05/2023;PONTA DO MORRO ;SOLO;NASCENTE;Natural;-16.18649722;-57.53737222;1;SOLO VEGETADO;Natural;;;;;;;2;ESCURA;14992.32
Thiago Pereira ;22/05/2023;ÁGUAS CLARAS;SOLO;NASCENTE;Natural;-16.08067222;-57.56555000;2;SOLO EXPOSTO;Natural;;;;;;;1;TRANSPARENTE;15513.24
Thiago Pereira ;22/05/2023;ÁGUAS CLARAS;SOLO;NASCENTE;Natural;-16.08067222;-57.56555000;2;SOLO EXPOSTO;Natural;;;;;;;2;TRANSPARENTE;16908.66
Thiago Pereira ;22/05/2023;ÁGUAS CLARAS;SOLO;NASCENTE;Natural;-16.08067222;-57.56555000;2;SOLO VEGETADO;Natural;;;;;;;1;TRANSPARENTE;19268.13
Thiago Pereira ;22/05/2023;ÁGUAS CLARAS;SOLO;NASCENTE;Natural;-16.08067222;-57.56555000;2;SOLO VEGETADO;Natural;;;;;;;2;TRANSPARENTE;13355.97
Thiago Pereira ;22/05/2023;ÁGUAS CLARAS;SOLO;NASCENTE;Natural;-16.08067222;-57.56555000;2;SOLO EXPOSTO;Natural;;;;;;;1;ESCURA;13403.78
Thiago Pereira ;22/05/2023;ÁGUAS CLARAS;SOLO;NASCENTE;Natural;-16.08067222;-57.56555000;2;SOLO EXPOSTO;Natural;;;;;;;2;ESCURA;17188.62
Thiago Pereira ;22/05/2023;ÁGUAS CLARAS;SOLO;NASCENTE;Natural;-16.08067222;-57.56555000;2;SOLO VEGETADO;Natural;;;;;;;1;ESCURA;12739.01
Thiago Pereira ;22/05/2023;ÁGUAS CLARAS;SOLO;NASCENTE;Natural;-16.08067222;-57.56555000;2;SOLO VEGETADO;Natural;;;;;;;2;ESCURA;35835.94
Thiago Pereira ;22/05/2023;DANILO;SOLO;PERCURSO;Natural;-16.07513889;-57.57181389;3;SOLO EXPOSTO;Natural;;;;;;;1;TRANSPARENTE;18273.07
Thiago Pereira ;22/05/2023;DANILO;SOLO;PERCURSO;Natural;-16.07513889;-57.57181389;3;SOLO EXPOSTO;Natural;;;;;;;2;TRANSPARENTE;11205.86
Thiago Pereira ;22/05/2023;DANILO;SOLO;PERCURSO;Natural;-16.07513889;-57.57181389;3;SOLO VEGETADO;Natural;;;;;;;1;TRANSPARENTE;19413.05
Thiago Pereira ;22/05/2023;DANILO;SOLO;PERCURSO;Natural;-16.07513889;-57.57181389;3;SOLO VEGETADO;Natural;;;;;;;2;TRANSPARENTE;8814.23
Thiago Pereira ;22/05/2023;DANILO;SOLO;PERCURSO;Natural;-16.07513889;-57.57181389;3;SOLO EXPOSTO;Natural;;;;;;;1;ESCURA;7307.97
Thiago Pereira ;22/05/2023;DANILO;SOLO;PERCURSO;Natural;-16.07513889;-57.57181389;3;SOLO EXPOSTO;Natural;;;;;;;2;ESCURA;12074.22
Thiago Pereira ;22/05/2023;DANILO;SOLO;PERCURSO;Natural;-16.07513889;-57.57181389;3;SOLO VEGETADO;Natural;;;;;;;1;ESCURA;19690.06
Thiago Pereira ;22/05/2023;DANILO;SOLO;PERCURSO;Natural;-16.07513889;-57.57181389;3;SOLO VEGETADO;Natural;;;;;;;2;ESCURA;13048.51
Thiago Pereira ;22/05/2023;PIRAPUTANGA ;SOLO;CACHOEIRA;Natural;-16.05816667;-57.57170833;4;SOLO EXPOSTO;Natural;;;;;;;1;TRANSPARENTE;41301.03
Thiago Pereira ;22/05/2023;PIRAPUTANGA ;SOLO;CACHOEIRA;Natural;-16.05816667;-57.57170833;4;SOLO EXPOSTO;Natural;;;;;;;2;TRANSPARENTE;12731.35
Thiago Pereira ;22/05/2023;PIRAPUTANGA ;SOLO;CACHOEIRA;Natural;-16.05816667;-57.57170833;4;SOLO VEGETADO;Natural;;;;;;;1;TRANSPARENTE;3635.67
Thiago Pereira ;22/05/2023;PIRAPUTANGA ;SOLO;CACHOEIRA;Natural;-16.05816667;-57.57170833;4;SOLO VEGETADO;Natural;;;;;;;2;TRANSPARENTE;4857.07
Thiago Pereira ;22/05/2023;PIRAPUTANGA ;SOLO;CACHOEIRA;Natural;-16.05816667;-57.57170833;4;SOLO EXPOSTO;Natural;;;;;;;1;ESCURA;19015.43
Thiago Pereira ;22/05/2023;PIRAPUTANGA ;SOLO;CACHOEIRA;Natural;-16.05816667;-57.57170833;4;SOLO EXPOSTO;Natural;;;;;;;2;ESCURA;24961.98
Thiago Pereira ;22/05/2023;PIRAPUTANGA ;SOLO;CACHOEIRA;Natural;-16.05816667;-57.57170833;4;SOLO VEGETADO;Natural;;;;;;;1;ESCURA;9673.25
Thiago Pereira ;22/05/2023;PIRAPUTANGA ;SOLO;CACHOEIRA;Natural;-16.05816667;-57.57170833;4;SOLO VEGETADO;Natural;;;;;;;2;ESCURA;134853.58
Thiago Pereira ;22/05/2023;RIBEIRÃO ;SOLO;FOZ;Natural;-16.02602500;-57.62521667;5;SOLO EXPOSTO;Natural;;;;;;;1;TRANSPARENTE;44355.26
Thiago Pereira ;22/05/2023;RIBEIRÃO ;SOLO;FOZ;Natural;-16.02602500;-57.62521667;5;SOLO EXPOSTO;Natural;;;;;;;2;TRANSPARENTE;-3640.56
Thiago Pereira ;22/05/2023;RIBEIRÃO ;SOLO;FOZ;Natural;-16.02602500;-57.62521667;5;SOLO VEGETADO;Natural;;;;;;;1;TRANSPARENTE;4220.65
Thiago Pereira ;22/05/2023;RIBEIRÃO ;SOLO;FOZ;Natural;-16.02602500;-57.62521667;5;SOLO VEGETADO;Natural;;;;;;;2;TRANSPARENTE;41179.51
Thiago Pereira ;22/05/2023;RIBEIRÃO ;SOLO;FOZ;Natural;-16.02602500;-57.62521667;5;SOLO EXPOSTO;Natural;;;;;;;1;ESCURA;34831.52
Thiago Pereira ;22/05/2023;RIBEIRÃO ;SOLO;FOZ;Natural;-16.02602500;-57.62521667;5;SOLO EXPOSTO;Natural;;;;;;;2;ESCURA;17485.14
Thiago Pereira ;22/05/2023;RIBEIRÃO ;SOLO;FOZ;Natural;-16.02602500;-57.62521667;5;SOLO VEGETADO;Natural;;;;;;;1;ESCURA;7520.65
Thiago Pereira ;22/05/2023;RIBEIRÃO ;SOLO;FOZ;Natural;-16.02602500;-57.62521667;5;SOLO VEGETADO;Natural;;;;;;;2;ESCURA;5743.09
Thiago Pereira ;15/08/2023;PONTA DO MORRO ;SOLO;NASCENTE;Natural;-16.18649722;-57.53737222;1;SOLO EXPOSTO;Natural;;;;;;;1;TRANSPARENTE;17719.30
Thiago Pereira ;15/08/2023;PONTA DO MORRO ;SOLO;NASCENTE;Natural;-16.18649722;-57.53737222;1;SOLO EXPOSTO;Natural;;;;;;;2;TRANSPARENTE;5849.48
Thiago Pereira ;15/08/2023;PONTA DO MORRO ;SOLO;NASCENTE;Natural;-16.18649722;-57.53737222;1;SOLO EXPOSTO;Natural;;;;;;;1;ESCURA;15043.76
Thiago Pereira ;15/08/2023;PONTA DO MORRO ;SOLO;NASCENTE;Natural;-16.18649722;-57.53737222;1;SOLO EXPOSTO;Natural;;;;;;;2;ESCURA;5675.84
Thiago Pereira ;15/08/2023;PONTA DO MORRO ;SOLO;NASCENTE;Natural;-16.18649722;-57.53737222;1;SOLO VEGETADO;Natural;;;;;;;1;TRANSPARENTE;6295.10
Thiago Pereira ;15/08/2023;PONTA DO MORRO ;SOLO;NASCENTE;Natural;-16.18649722;-57.53737222;1;SOLO VEGETADO;Natural;;;;;;;2;TRANSPARENTE;13107.00
Thiago Pereira ;15/08/2023;PONTA DO MORRO ;SOLO;NASCENTE;Natural;-16.18649722;-57.53737222;1;SOLO VEGETADO;Natural;;;;;;;1;ESCURA;7137.30
Thiago Pereira ;15/08/2023;PONTA DO MORRO ;SOLO;NASCENTE;Natural;-16.18649722;-57.53737222;1;SOLO VEGETADO;Natural;;;;;;;2;ESCURA;9876.29
Thiago Pereira ;15/08/2023;ÁGUAS CLARAS;SOLO;NASCENTE;Natural;-16.08067222;-57.56555000;3;SOLO EXPOSTO;Natural;;;;;;;1;TRANSPARENTE;8258.92
Thiago Pereira ;15/08/2023;ÁGUAS CLARAS;SOLO;NASCENTE;Natural;-16.08067222;-57.56555000;3;SOLO EXPOSTO;Natural;;;;;;;2;TRANSPARENTE;12039.27
Thiago Pereira ;15/08/2023;ÁGUAS CLARAS;SOLO;NASCENTE;Natural;-16.08067222;-57.56555000;3;SOLO EXPOSTO;Natural;;;;;;;1;ESCURA;8271.29
Thiago Pereira ;15/08/2023;ÁGUAS CLARAS;SOLO;NASCENTE;Natural;-16.08067222;-57.56555000;3;SOLO EXPOSTO;Natural;;;;;;;2;ESCURA;6880.55
Thiago Pereira ;15/08/2023;ÁGUAS CLARAS;SOLO;NASCENTE;Natural;-16.08067222;-57.56555000;3;SOLO VEGETADO;Natural;;;;;;;1;TRANSPARENTE;18165.30
Thiago Pereira ;15/08/2023;ÁGUAS CLARAS;SOLO;NASCENTE;Natural;-16.08067222;-57.56555000;3;SOLO VEGETADO;Natural;;;;;;;2;TRANSPARENTE;11157.47
Thiago Pereira ;15/08/2023;ÁGUAS CLARAS;SOLO;NASCENTE;Natural;-16.08067222;-57.56555000;3;SOLO VEGETADO;Natural;;;;;;;1;ESCURA;19742.85
Thiago Pereira ;15/08/2023;ÁGUAS CLARAS;SOLO;NASCENTE;Natural;-16.08067222;-57.56555000;3;SOLO VEGETADO;Natural;;;;;;;2;ESCURA;7029.19
Thiago Pereira ;15/08/2023;DANILO;SOLO;PERCURSO;Natural;-16.07513889;-57.57181389;4;SOLO EXPOSTO;Natural;;;;;;;1;TRANSPARENTE;6194.58
Thiago Pereira ;15/08/2023;DANILO;SOLO;PERCURSO;Natural;-16.07513889;-57.57181389;4;SOLO EXPOSTO;Natural;;;;;;;2;TRANSPARENTE;9020.75
Thiago Pereira ;15/08/2023;DANILO;SOLO;PERCURSO;Natural;-16.07513889;-57.57181389;4;SOLO EXPOSTO;Natural;;;;;;;1;ESCURA;5480.98
Thiago Pereira ;15/08/2023;DANILO;SOLO;PERCURSO;Natural;-16.07513889;-57.57181389;4;SOLO EXPOSTO;Natural;;;;;;;2;ESCURA;-33941.17
Thiago Pereira ;15/08/2023;DANILO;SOLO;PERCURSO;Natural;-16.07513889;-57.57181389;4;SOLO VEGETADO;Natural;;;;;;;1;TRANSPARENTE;-29556.48
Thiago Pereira ;15/08/2023;DANILO;SOLO;PERCURSO;Natural;-16.07513889;-57.57181389;4;SOLO VEGETADO;Natural;;;;;;;2;TRANSPARENTE;19873.13
Thiago Pereira ;15/08/2023;DANILO;SOLO;PERCURSO;Natural;-16.07513889;-57.57181389;4;SOLO VEGETADO;Natural;;;;;;;1;ESCURA;16808.65
Thiago Pereira ;15/08/2023;DANILO;SOLO;PERCURSO;Natural;-16.07513889;-57.57181389;4;SOLO VEGETADO;Natural;;;;;;;2;ESCURA;7975.35
Thiago Pereira ;15/08/2023;PIRAPUTANGA ;SOLO;CACHOEIRA;Natural;-16.05816667;-57.57170833;4;SOLO EXPOSTO;Natural;;;;;;;1;TRANSPARENTE;10352.00
Thiago Pereira ;15/08/2023;PIRAPUTANGA ;SOLO;CACHOEIRA;Natural;-16.05816667;-57.57170833;4;SOLO EXPOSTO;Natural;;;;;;;2;TRANSPARENTE;7910.91
Thiago Pereira ;15/08/2023;PIRAPUTANGA ;SOLO;CACHOEIRA;Natural;-16.05816667;-57.57170833;4;SOLO EXPOSTO;Natural;;;;;;;1;ESCURA;9044.00
Thiago Pereira ;15/08/2023;PIRAPUTANGA ;SOLO;CACHOEIRA;Natural;-16.05816667;-57.57170833;4;SOLO EXPOSTO;Natural;;;;;;;2;ESCURA;-11145.34
Thiago Pereira ;15/08/2023;PIRAPUTANGA ;SOLO;CACHOEIRA;Natural;-16.05816667;-57.57170833;4;SOLO VEGETADO;Natural;;;;;;;1;TRANSPARENTE;-9168.42
Thiago Pereira ;15/08/2023;PIRAPUTANGA ;SOLO;CACHOEIRA;Natural;-16.05816667;-57.57170833;4;SOLO VEGETADO;Natural;;;;;;;2;TRANSPARENTE;11315.96
Thiago Pereira ;15/08/2023;PIRAPUTANGA ;SOLO;CACHOEIRA;Natural;-16.05816667;-57.57170833;4;SOLO VEGETADO;Natural;;;;;;;1;ESCURA;19217.16
Thiago Pereira ;15/08/2023;PIRAPUTANGA ;SOLO;CACHOEIRA;Natural;-16.05816667;-57.57170833;4;SOLO VEGETADO;Natural;;;;;;;2;ESCURA;9281.08
Thiago Pereira ;15/08/2023;RIBEIRÃO ;SOLO;FOZ;Natural;-16.02602500;-57.62521667;5;SOLO EXPOSTO;Natural;;;;;;;1;TRANSPARENTE;15962.08
Thiago Pereira ;15/08/2023;RIBEIRÃO ;SOLO;FOZ;Natural;-16.02602500;-57.62521667;5;SOLO EXPOSTO;Natural;;;;;;;2;TRANSPARENTE;4953.06
Thiago Pereira ;15/08/2023;RIBEIRÃO ;SOLO;FOZ;Natural;-16.02602500;-57.62521667;5;SOLO EXPOSTO;Natural;;;;;;;1;ESCURA;6586.75
Thiago Pereira ;15/08/2023;RIBEIRÃO ;SOLO;FOZ;Natural;-16.02602500;-57.62521667;5;SOLO EXPOSTO;Natural;;;;;;;2;ESCURA;-10579.07
Thiago Pereira ;15/08/2023;RIBEIRÃO ;SOLO;FOZ;Natural;-16.02602500;-57.62521667;5;SOLO VEGETADO;Natural;;;;;;;1;TRANSPARENTE;29134.50
Thiago Pereira ;15/08/2023;RIBEIRÃO ;SOLO;FOZ;Natural;-16.02602500;-57.62521667;5;SOLO VEGETADO;Natural;;;;;;;2;TRANSPARENTE;19917.34
Thiago Pereira ;15/08/2023;RIBEIRÃO ;SOLO;FOZ;Natural;-16.02602500;-57.62521667;5;SOLO VEGETADO;Natural;;;;;;;1;ESCURA;22605.80
Thiago Pereira ;15/08/2023;RIBEIRÃO ;SOLO;FOZ;Natural;-16.02602500;-57.62521667;5;SOLO VEGETADO;Natural;;;;;;;2;ESCURA;
Janaina;30/01/2023;Área agricola ;SOLO;PASTAGEM;Antrópico;-16.15413889;-57.64280556;1;SOLO EXPOSTO;Natural ;;;;;;;1;TRANSPARENTE;20185.54
Janaina;31/01/2023;Área agricola ;SOLO;PASTAGEM;Antrópico;-16.15413889;-57.64280556;1;SOLO EXPOSTO;Natural ;;;;;;;2;TRANSPARENTE;60398.74
Janaina;01/02/2023;Área agricola ;SOLO;PASTAGEM;Antrópico;-16.15413889;-57.64280556;1;SOLO EXPOSTO;Natural ;;;;;;;3;TRANSPARENTE;34095.24
Janaina;02/02/2023;Área agricola ;SOLO;PASTAGEM;Antrópico;-16.15413889;-57.64280556;1;SOLO EXPOSTO;Natural ;;;;;;;1;Escura ;-58331.84
Janaina;03/02/2023;Área agricola ;SOLO;PASTAGEM;Antrópico;-16.15413889;-57.64280556;1;SOLO EXPOSTO;Natural ;;;;;;;2;Escura ;-104708.42
Janaina;04/02/2023;Área agricola ;SOLO;PASTAGEM;Antrópico;-16.15413889;-57.64280556;1;SOLO EXPOSTO;Natural ;;;;;;;3;Escura ;56135.37
Janaina;04/02/2023;Área agricola ;SOLO;PASTAGEM;Antrópico;-16.15413889;-57.64280556;2;SOLO EXPOSTO;Natural ;;;;;;;1;TRANSPARENTE;34578.71
Janaina;04/02/2023;Área agricola ;SOLO;PASTAGEM;Antrópico;-16.15413889;-57.64280556;2;SOLO EXPOSTO;Natural ;;;;;;;2;TRANSPARENTE;37617.06
Janaina;04/02/2023;Área agricola ;SOLO;PASTAGEM;Antrópico;-16.15413889;-57.64280556;2;SOLO EXPOSTO;Natural ;;;;;;;3;TRANSPARENTE;52924.59
Janaina;04/02/2023;Área agricola ;SOLO;PASTAGEM;Antrópico;-16.15413889;-57.64280556;2;SOLO EXPOSTO;Natural ;;;;;;;1;Escura ;52924.59
Janaina;04/02/2023;Área agricola ;SOLO;PASTAGEM;Antrópico;-16.15413889;-57.64280556;2;SOLO EXPOSTO;Natural ;;;;;;;2;Escura ;20546.18
Janaina;04/02/2023;Área agricola ;SOLO;PASTAGEM;Antrópico;-16.15413889;-57.64280556;3;SOLO EXPOSTO;Natural ;;;;;;;3;Escura ;60666.13
Janaina;04/02/2023;Área agricola ;SOLO;PASTAGEM;Antrópico;-16.15413889;-57.64280556;3;SOLO EXPOSTO;Natural ;;;;;;;1;TRANSPARENTE;73330.19
Janaina;04/02/2023;Área agricola ;SOLO;PASTAGEM;Antrópico;-16.15413889;-57.64280556;3;SOLO EXPOSTO;Natural ;;;;;;;2;TRANSPARENTE;75711.99
Janaina;04/02/2023;Área agricola ;SOLO;PASTAGEM;Antrópico;-16.15413889;-57.64280556;3;SOLO EXPOSTO;Natural ;;;;;;;3;TRANSPARENTE;60310.33
Janaina;04/02/2023;Área agricola ;SOLO;PASTAGEM;Antrópico;-16.15413889;-57.64280556;3;SOLO EXPOSTO;Natural ;;;;;;;1;Escura ;59774.94
Janaina;04/02/2023;Área agricola ;SOLO;PASTAGEM;Antrópico;-16.15413889;-57.64280556;3;SOLO EXPOSTO;Natural ;;;;;;;2;Escura ;52100.66
Janaina;04/02/2023;Área agricola ;SOLO;PASTAGEM;Antrópico;-16.15413889;-57.64280556;3;SOLO EXPOSTO;Natural ;;;;;;;3;Escura ;49107.00
Janaina;04/02/2023;Área urbana;SOLO;URBANO;Antrópico;-16.04268611;-57.63463611;4;SOLO EXPOSTO;Natural ;;;;;;;1;TRANSPARENTE;46992.04
Janaina;04/02/2023;Área urbana;SOLO;URBANO;Antrópico;-16.04268611;-57.63463611;4;SOLO EXPOSTO;Natural ;;;;;;;2;TRANSPARENTE;35644.22
Janaina;04/02/2023;Área urbana;SOLO;URBANO;Antrópico;-16.04268611;-57.63463611;4;SOLO EXPOSTO;Natural ;;;;;;;3;TRANSPARENTE;51590.03
Janaina;04/02/2023;Área urbana;SOLO;URBANO;Antrópico;-16.04268611;-57.63463611;4;SOLO EXPOSTO;Queimado ;;;;;;;1;TRANSPARENTE;70787.97
Janaina;04/02/2023;Área urbana;SOLO;URBANO;Antrópico;-16.04268611;-57.63463611;4;SOLO EXPOSTO;Queimado;;;;;;;2;TRANSPARENTE;36793.17
Janaina;04/02/2023;Área urbana;SOLO;URBANO;Antrópico;-16.04268611;-57.63463611;4;SOLO EXPOSTO;Queimado;;;;;;;3;TRANSPARENTE;43576.38
Janaina;04/02/2023;Área urbana ;SOLO;URBANO;Antrópico;-16.04268611;-57.63463611;4;SOLO EXPOSTO;Natural ;;;;;;;1;Escura ;41314.11
Janaina;04/02/2023;Área urbana ;SOLO;URBANO;Antrópico;-16.04268611;-57.63463611;4;SOLO EXPOSTO;Natural ;;;;;;;2;Escura ;39284.79
Janaina;04/02/2023;Área urbana ;SOLO;URBANO;Antrópico;-16.04268611;-57.63463611;4;SOLO EXPOSTO;Natural ;;;;;;;3;Escura ;50708.24
Janaina;04/02/2023;Área urbana ;SOLO;URBANO;Antrópico;-16.04268611;-57.63463611;4;SOLO EXPOSTO;Queimado ;;;;;;;1;Escura ;58504.40
Janaina;04/02/2023;Área urbana ;SOLO;URBANO;Antrópico;-16.04268611;-57.63463611;4;SOLO EXPOSTO;Queimado;;;;;;;2;Escura ;34549.60
Janaina;04/02/2023;Área urbana ;SOLO;URBANO;Antrópico;-16.04268611;-57.63463611;4;SOLO EXPOSTO;Queimado;;;;;;;3;Escura ;29060.68
Janaina;21/02/2023;Área agricola ;SOLO;PASTAGEM;Antrópico;-16.15413889;-57.64280556;1;SOLO EXPOSTO;Natural ;;;;;;;1;TRANSPARENTE;12506.65
Janaina;21/02/2023;Área agricola ;SOLO;PASTAGEM;Antrópico;-16.15413889;-57.64280556;1;SOLO EXPOSTO;Natural ;;;;;;;2;TRANSPARENTE;15893.60
Janaina;21/02/2023;Área agricola ;SOLO;PASTAGEM;Antrópico;-16.15413889;-57.64280556;1;SOLO EXPOSTO;Natural ;;;;;;;3;TRANSPARENTE;30419.64
Janaina;21/02/2023;Área agricola ;SOLO;PASTAGEM;Antrópico;-16.15413889;-57.64280556;1;SOLO EXPOSTO;Natural ;;;;;;;1;TRANSPARENTE;6216.76
Janaina;21/02/2023;Área agricola ;SOLO;PASTAGEM;Antrópico;-16.15413889;-57.64280556;1;SOLO EXPOSTO;Natural ;;;;;;;2;TRANSPARENTE;26041.44
Janaina;21/02/2023;Área agricola ;SOLO;PASTAGEM;Antrópico;-16.15413889;-57.64280556;1;SOLO EXPOSTO;Natural ;;;;;;;3;TRANSPARENTE;29412.52
Janaina;21/02/2023;Área de reserva ;SOLO;VEGETAÇÃO PRIMÁRIA;Natural;-16.15388889;-57.64250000;2;SOLO EXPOSTO;Natural ;;;;;;;1;TRANSPARENTE;15763.65
Janaina;21/02/2023;Área de reserva ;SOLO;VEGETAÇÃO PRIMÁRIA;Natural;-16.15388889;-57.64250000;2;SOLO EXPOSTO;Natural ;;;;;;;2;TRANSPARENTE;17671.93
Janaina;21/02/2023;Área de reserva ;SOLO;VEGETAÇÃO PRIMÁRIA;Natural;-16.15388889;-57.64250000;2;SOLO EXPOSTO;Natural ;;;;;;;3;TRANSPARENTE;16898.20
Janaina;21/02/2023;Área de reserva ;SOLO;VEGETAÇÃO PRIMÁRIA;Natural;-16.15388889;-57.64250000;2;SOLO EXPOSTO;Natural ;;;;;;;1;Escura ;15206.59
Janaina;21/02/2023;Área de reserva ;SOLO;VEGETAÇÃO PRIMÁRIA;Natural;-16.15388889;-57.64250000;2;SOLO EXPOSTO;Natural ;;;;;;;2;Escura ;26542.17
Janaina;21/02/2023;Área de reserva ;SOLO;VEGETAÇÃO PRIMÁRIA;Natural;-16.15388889;-57.64250000;2;SOLO EXPOSTO;Natural ;;;;;;;3;Escura ;17818.22
Janaina;21/02/2023;Área de reserva ;SOLO;VEGETAÇÃO PRIMÁRIA;Natural;-16.15388889;-57.64250000;3;SOLO EXPOSTO;Natural ;;;;;;;1;TRANSPARENTE;59501.98
Janaina;21/02/2023;Área de reserva ;SOLO;VEGETAÇÃO PRIMÁRIA;Natural;-16.15388889;-57.64250000;3;SOLO EXPOSTO;Natural ;;;;;;;2;TRANSPARENTE;37469.83
Janaina;21/02/2023;Área de reserva ;SOLO;VEGETAÇÃO PRIMÁRIA;Natural;-16.15388889;-57.64250000;3;SOLO EXPOSTO;Natural ;;;;;;;3;TRANSPARENTE;23470.96
Janaina;21/02/2023;Área de reserva ;SOLO;VEGETAÇÃO PRIMÁRIA;Natural;-16.15388889;-57.64250000;3;SOLO EXPOSTO;Natural ;;;;;;;1;Escura ;47946.96
Janaina;21/02/2023;Área de reserva ;SOLO;VEGETAÇÃO PRIMÁRIA;Natural;-16.15388889;-57.64250000;3;SOLO EXPOSTO;Natural ;;;;;;;2;Escura ;51084.98
Janaina;21/02/2023;Área de reserva ;SOLO;VEGETAÇÃO PRIMÁRIA;Natural;-16.15388889;-57.64250000;3;SOLO EXPOSTO;Natural ;;;;;;;3;Escura ;34943.91
Janaina;21/02/2023;Área de reserva ;SOLO;VEGETAÇÃO PRIMÁRIA;Natural;-16.15388889;-57.64250000;4;SOLO EXPOSTO;Natural ;;;;;;;1;TRANSPARENTE;107891.25
Janaina;21/02/2023;Área urbana;SOLO;URBANO;Antrópico;-16.04268611;-57.63463611;4;SOLO EXPOSTO;Natural ;;;;;;;2;TRANSPARENTE;68537.32
Janaina;21/02/2023;Área urbana;SOLO;URBANO;Antrópico;-16.04268611;-57.63463611;4;SOLO EXPOSTO;Natural ;;;;;;;3;TRANSPARENTE;78176.19
Janaina;21/02/2023;Área urbana;SOLO;URBANO;Antrópico;-16.04268611;-57.63463611;4;SOLO EXPOSTO;Queimado;;;;;;;1;TRANSPARENTE;71184.41
Janaina;21/02/2023;Área urbana;SOLO;URBANO;Antrópico;-16.04268611;-57.63463611;4;SOLO EXPOSTO;Queimado;;;;;;;2;TRANSPARENTE;57294.88
Janaina;21/02/2023;Área urbana;SOLO;URBANO;Antrópico;-16.04268611;-57.63463611;4;SOLO EXPOSTO;Queimado;;;;;;;3;TRANSPARENTE;76942.07
Janaina;21/02/2023;Área urbana;SOLO;URBANO;Antrópico;-16.04268611;-57.63463611;4;SOLO EXPOSTO;Natural ;;;;;;;1;Escura;46164.55
Janaina;21/02/2023;Área urbana;SOLO;URBANO;Antrópico;-16.04268611;-57.63463611;4;SOLO EXPOSTO;Natural ;;;;;;;2;Escura;43405.98
Janaina;21/02/2023;Área urbana;SOLO;URBANO;Antrópico;-16.04268611;-57.63463611;4;SOLO EXPOSTO;Natural ;;;;;;;3;Escura;63632.84
Janaina;21/02/2023;Área urbana;SOLO;URBANO;Antrópico;-16.04268611;-57.63463611;4;SOLO EXPOSTO;Queimado;;;;;;;1;Escura;62109.87
Janaina;21/02/2023;Área urbana;SOLO;URBANO;Antrópico;-16.04268611;-57.63463611;4;SOLO EXPOSTO;Queimado;;;;;;;2;Escura;61820.75
Janaina;21/02/2023;Área urbana;SOLO;URBANO;Antrópico;-16.04268611;-57.63463611;4;SOLO EXPOSTO;Queimado;;;;;;;3;Escura;56162.26
Janaina;30/03/2023;Área agricola ;SOLO;PASTAGEM;Antrópico;-16.15413889;-57.64280556;1;SOLO EXPOSTO;Natural ;;;;;;;1;TRANSPARENTE;74966.03
Janaina;30/03/2023;Área agricola ;SOLO;PASTAGEM;Antrópico;-16.15413889;-57.64280556;1;SOLO EXPOSTO;Natural ;;;;;;;2;TRANSPARENTE;12258.68
Janaina;30/03/2023;Área agricola ;SOLO;PASTAGEM;Antrópico;-16.15413889;-57.64280556;1;SOLO EXPOSTO;Natural ;;;;;;;3;TRANSPARENTE;35634.30
Janaina;30/03/2023;Área agricola ;SOLO;PASTAGEM;Antrópico;-16.15413889;-57.64280556;1;SOLO EXPOSTO;Natural ;;;;;;;1;Escura ;47858.54
Janaina;30/03/2023;Área agricola ;SOLO;PASTAGEM;Antrópico;-16.15413889;-57.64280556;1;SOLO EXPOSTO;Natural ;;;;;;;2;Escura ;25808.36
Janaina;30/03/2023;Área agricola ;SOLO;PASTAGEM;Antrópico;-16.15413889;-57.64280556;1;SOLO EXPOSTO;Natural ;;;;;;;3;Escura ;28368.13
Janaina;30/03/2023;Área agricola ;SOLO;PASTAGEM;Antrópico;-16.15413889;-57.64280556;2;SOLO EXPOSTO;Natural ;;;;;;;1;TRANSPARENTE;38451.56
Janaina;30/03/2023;Área agricola ;SOLO;PASTAGEM;Antrópico;-16.15413889;-57.64280556;2;SOLO EXPOSTO;Natural ;;;;;;;2;TRANSPARENTE;123250.00
Janaina;30/03/2023;Área agricola ;SOLO;PASTAGEM;Antrópico;-16.15413889;-57.64280556;2;SOLO EXPOSTO;Natural ;;;;;;;3;TRANSPARENTE;90343.21
Janaina;30/03/2023;Área agricola ;SOLO;PASTAGEM;Antrópico;-16.15413889;-57.64280556;2;SOLO EXPOSTO;Natural ;;;;;;;1;Escura ;30374.70
Janaina;30/03/2023;Área agricola ;SOLO;PASTAGEM;Antrópico;-16.15413889;-57.64280556;2;SOLO EXPOSTO;Natural ;;;;;;;2;Escura ;110250.30
Janaina;30/03/2023;Área agricola ;SOLO;PASTAGEM;Antrópico;-16.15413889;-57.64280556;2;SOLO EXPOSTO;Natural ;;;;;;;3;Escura ;97370.37
Janaina;30/03/2023;Área agricola ;SOLO;PASTAGEM;Antrópico;-16.15413889;-57.64280556;3;SOLO EXPOSTO;Natural ;;;;;;;1;TRANSPARENTE;85712.11
Janaina;30/03/2023;Área agricola ;SOLO;PASTAGEM;Antrópico;-16.15413889;-57.64280556;3;SOLO EXPOSTO;Natural ;;;;;;;2;TRANSPARENTE;98570.94
Janaina;30/03/2023;Área agricola ;SOLO;PASTAGEM;Antrópico;-16.15413889;-57.64280556;3;SOLO EXPOSTO;Natural ;;;;;;;3;TRANSPARENTE;73057.45
Janaina;30/03/2023;Área agricola ;SOLO;PASTAGEM;Antrópico;-16.15413889;-57.64280556;3;SOLO EXPOSTO;Natural ;;;;;;;1;Escura ;98336.96
Janaina;30/03/2023;Área agricola ;SOLO;PASTAGEM;Antrópico;-16.15413889;-57.64280556;3;SOLO EXPOSTO;Natural ;;;;;;;2;Escura ;71051.11
Janaina;30/03/2023;Área agricola ;SOLO;PASTAGEM;Antrópico;-16.15413889;-57.64280556;3;SOLO EXPOSTO;Natural ;;;;;;;3;Escura ;59723.19
Janaina;30/03/2023;Área agricola ;SOLO;PASTAGEM;Antrópico;-16.15413889;-57.64280556;4;SOLO EXPOSTO;Natural ;;;;;;;1;TRANSPARENTE;74966.03
Janaina;30/03/2023;Área agricola ;SOLO;PASTAGEM;Antrópico;-16.15413889;-57.64280556;4;SOLO EXPOSTO;Natural ;;;;;;;2;TRANSPARENTE;12258.68
Janaina;30/03/2023;Área agricola ;SOLO;PASTAGEM;Antrópico;-16.15413889;-57.64280556;4;SOLO EXPOSTO;Natural ;;;;;;;3;TRANSPARENTE;35634.30
Janaina;30/03/2023;Área agricola ;SOLO;PASTAGEM;Antrópico;-16.15413889;-57.64280556;4;SOLO EXPOSTO;Natural ;;;;;;;1;Escura ;47858.54
Janaina;30/03/2023;Área agricola ;SOLO;PASTAGEM;Antrópico;-16.15413889;-57.64280556;4;SOLO EXPOSTO;Natural ;;;;;;;2;Escura ;25808.36
Janaina;30/03/2023;Área agricola ;SOLO;PASTAGEM;Antrópico;-16.15413889;-57.64280556;4;SOLO EXPOSTO;Natural ;;;;;;;3;Escura ;28368.13
Janaina;30/03/2023;Área agricola ;SOLO;PASTAGEM;Antrópico;-16.15413889;-57.64280556;1;SOLO EXPOSTO;Natural ;;;;;;;1;TRANSPARENTE;25909.90
Janaina;28/04/2023;Área agricola ;SOLO;PASTAGEM;Antrópico;-16.15413889;-57.64280556;1;SOLO EXPOSTO;Natural ;;;;;;;2;TRANSPARENTE;24043.90
Janaina;28/04/2023;Área agricola ;SOLO;PASTAGEM;Antrópico;-16.15413889;-57.64280556;1;SOLO EXPOSTO;Natural ;;;;;;;3;TRANSPARENTE;8298.70
Janaina;28/04/2023;Área agricola ;SOLO;PASTAGEM;Antrópico;-16.15413889;-57.64280556;1;SOLO EXPOSTO;Natural ;;;;;;;1;Escura ;-71963.09
Janaina;28/04/2023;Área agricola ;SOLO;PASTAGEM;Antrópico;-16.15413889;-57.64280556;1;SOLO EXPOSTO;Natural ;;;;;;;2;Escura ;42224.87
Janaina;28/04/2023;Área agricola ;SOLO;PASTAGEM;Antrópico;-16.15413889;-57.64280556;1;SOLO EXPOSTO;Natural ;;;;;;;3;Escura ;4810.38
Janaina;28/04/2023;Área agricola ;SOLO;PASTAGEM;Antrópico;-16.15413889;-57.64280556;1;SOLO EXPOSTO;Natural ;;;;;;;1;TRANSPARENTE;49679.62
Janaina;28/04/2023;Área agricola ;SOLO;PASTAGEM;Antrópico;-16.15413889;-57.64280556;2;SOLO EXPOSTO;Natural ;;;;;;;2;TRANSPARENTE;200315.84
Janaina;28/04/2023;Área agricola ;SOLO;PASTAGEM;Antrópico;-16.15413889;-57.64280556;2;SOLO EXPOSTO;Natural ;;;;;;;3;TRANSPARENTE;10670.55
Janaina;28/04/2023;Área agricola ;SOLO;PASTAGEM;Antrópico;-16.15413889;-57.64280556;2;SOLO EXPOSTO;Natural ;;;;;;;1;Escura ;15632.35
Janaina;28/04/2023;Área agricola ;SOLO;PASTAGEM;Antrópico;-16.15413889;-57.64280556;2;SOLO EXPOSTO;Natural ;;;;;;;2;Escura ;73977.58
Janaina;28/04/2023;Área agricola ;SOLO;PASTAGEM;Antrópico;-16.15413889;-57.64280556;2;SOLO EXPOSTO;Natural ;;;;;;;3;Escura ;13184.67
Janaina;28/04/2023;Área agricola ;SOLO;PASTAGEM;Antrópico;-16.15413889;-57.64280556;3;SOLO EXPOSTO;Natural ;;;;;;;1;TRANSPARENTE;42721.60
Janaina;28/04/2023;Área agricola ;SOLO;PASTAGEM;Antrópico;-16.15413889;-57.64280556;3;SOLO EXPOSTO;Natural ;;;;;;;2;TRANSPARENTE;28217.88
Janaina;28/04/2023;Área agricola ;SOLO;PASTAGEM;Antrópico;-16.15413889;-57.64280556;3;SOLO EXPOSTO;Natural ;;;;;;;3;TRANSPARENTE;29434.63
Janaina;28/04/2023;Área agricola ;SOLO;PASTAGEM;Antrópico;-16.15413889;-57.64280556;3;SOLO EXPOSTO;Natural ;;;;;;;1;Escura ;45427.29
Janaina;28/04/2023;Área agricola ;SOLO;PASTAGEM;Antrópico;-16.15413889;-57.64280556;3;SOLO EXPOSTO;Natural ;;;;;;;2;Escura ;26002.99
Janaina;28/04/2023;Área agricola ;SOLO;PASTAGEM;Antrópico;-16.15413889;-57.64280556;3;SOLO EXPOSTO;Natural ;;;;;;;3;Escura ;19714.92
Janaina;28/04/2023;Área agricola ;SOLO;PASTAGEM;Antrópico;-16.15413889;-57.64280556;4;SOLO EXPOSTO;Natural ;;;;;;;1;TRANSPARENTE;92830.80
Janaina;28/04/2023;Área agricola ;SOLO;PASTAGEM;Antrópico;-16.15413889;-57.64280556;4;SOLO EXPOSTO;Natural ;;;;;;;2;TRANSPARENTE;27054.69
Janaina;28/04/2023;Área agricola ;SOLO;PASTAGEM;Antrópico;-16.15413889;-57.64280556;4;SOLO EXPOSTO;Natural ;;;;;;;3;TRANSPARENTE;39415.34
Janaina;28/04/2023;Área agricola ;SOLO;PASTAGEM;Antrópico;-16.15413889;-57.64280556;4;SOLO EXPOSTO;Natural ;;;;;;;1;Escura ;59124.51
Janaina;28/04/2023;Área agricola ;SOLO;PASTAGEM;Antrópico;-16.15413889;-57.64280556;4;SOLO EXPOSTO;Natural ;;;;;;;2;Escura ;32698.78
Janaina;28/04/2023;Área agricola ;SOLO;PASTAGEM;Antrópico;-16.15413889;-57.64280556;4;SOLO EXPOSTO;Natural ;;;;;;;3;Escura ;39708.60
Janaina;19/05/2023;Área agricola ;SOLO;PASTAGEM;Antrópico;-16.15413889;-57.64280556;1;SOLO EXPOSTO;Natural ;;;;;;;1;TRANSPARENTE;22931.50
Janaina;19/05/2023;Área agricola ;SOLO;PASTAGEM;Antrópico;-16.15413889;-57.64280556;1;SOLO EXPOSTO;Natural ;;;;;;;2;TRANSPARENTE;26430.13
Janaina;19/05/2023;Área agricola ;SOLO;PASTAGEM;Antrópico;-16.15413889;-57.64280556;1;SOLO EXPOSTO;Natural ;;;;;;;3;TRANSPARENTE;14962.35
Janaina;19/05/2023;Área agricola ;SOLO;PASTAGEM;Antrópico;-16.15413889;-57.64280556;1;SOLO EXPOSTO;Natural ;;;;;;;1;Escura ;-97740.99
Janaina;19/05/2023;Área agricola ;SOLO;PASTAGEM;Antrópico;-16.15413889;-57.64280556;1;SOLO EXPOSTO;Natural ;;;;;;;2;Escura ;-88625.53
Janaina;19/05/2023;Área agricola ;SOLO;PASTAGEM;Antrópico;-16.15413889;-57.64280556;1;SOLO EXPOSTO;Natural ;;;;;;;3;Escura ;11665.16
Janaina;19/05/2023;Área agricola ;SOLO;PASTAGEM;Antrópico;-16.15413889;-57.64280556;2;SOLO EXPOSTO;Natural ;;;;;;;1;TRANSPARENTE;14246.70
Janaina;19/05/2023;Área agricola ;SOLO;PASTAGEM;Antrópico;-16.15413889;-57.64280556;2;SOLO EXPOSTO;Natural ;;;;;;;2;TRANSPARENTE;16437.27
Janaina;19/05/2023;Área agricola ;SOLO;PASTAGEM;Antrópico;-16.15413889;-57.64280556;2;SOLO EXPOSTO;Natural ;;;;;;;3;TRANSPARENTE;13974.01
Janaina;19/05/2023;Área agricola ;SOLO;PASTAGEM;Antrópico;-16.15413889;-57.64280556;2;SOLO EXPOSTO;Natural ;;;;;;;1;Escura ;11481.87
Janaina;19/05/2023;Área agricola ;SOLO;PASTAGEM;Antrópico;-16.15413889;-57.64280556;2;SOLO EXPOSTO;Natural ;;;;;;;2;Escura ;-36117.30
Janaina;19/05/2023;Área agricola ;SOLO;PASTAGEM;Antrópico;-16.15413889;-57.64280556;2;SOLO EXPOSTO;Natural ;;;;;;;3;Escura ;3789.79
Janaina;19/05/2023;Área agricola ;SOLO;PASTAGEM;Antrópico;-16.15413889;-57.64280556;3;SOLO EXPOSTO;Natural ;;;;;;;1;TRANSPARENTE;28213.68
Janaina;19/05/2023;Área agricola ;SOLO;PASTAGEM;Antrópico;-16.15413889;-57.64280556;3;SOLO EXPOSTO;Natural ;;;;;;;2;TRANSPARENTE;-70458.14
Janaina;19/05/2023;Área agricola ;SOLO;PASTAGEM;Antrópico;-16.15413889;-57.64280556;3;SOLO EXPOSTO;Natural ;;;;;;;3;TRANSPARENTE;35205.45
Janaina;19/05/2023;Área agricola ;SOLO;PASTAGEM;Antrópico;-16.15413889;-57.64280556;3;SOLO EXPOSTO;Natural ;;;;;;;1;Escura ;35004.77
Janaina;19/05/2023;Área agricola ;SOLO;PASTAGEM;Antrópico;-16.15413889;-57.64280556;3;SOLO EXPOSTO;Natural ;;;;;;;2;Escura ;23114.32
Janaina;19/05/2023;Área agricola ;SOLO;PASTAGEM;Antrópico;-16.15413889;-57.64280556;3;SOLO EXPOSTO;Natural ;;;;;;;3;Escura ;39070.80
Janaina;19/05/2023;Área agricola ;SOLO;PASTAGEM;Antrópico;-16.15413889;-57.64280556;4;SOLO EXPOSTO;Natural ;;;;;;;1;TRANSPARENTE;28819.77
Janaina;19/05/2023;Área agricola ;SOLO;PASTAGEM;Antrópico;-16.15413889;-57.64280556;4;SOLO EXPOSTO;Natural ;;;;;;;2;TRANSPARENTE;23739.38
Janaina;19/05/2023;Área agricola ;SOLO;PASTAGEM;Antrópico;-16.15413889;-57.64280556;4;SOLO EXPOSTO;Natural ;;;;;;;3;TRANSPARENTE;20401.52
Janaina;19/05/2023;Área agricola ;SOLO;PASTAGEM;Antrópico;-16.15413889;-57.64280556;4;SOLO EXPOSTO;Natural ;;;;;;;1;Escura ;21850.49
Janaina;19/05/2023;Área agricola ;SOLO;PASTAGEM;Antrópico;-16.15413889;-57.64280556;4;SOLO EXPOSTO;Natural ;;;;;;;2;Escura ;23547.95
Janaina;19/05/2023;Área agricola ;SOLO;PASTAGEM;Antrópico;-16.15413889;-57.64280556;4;SOLO EXPOSTO;Natural ;;;;;;;3;Escura ;15261.93
Janaina;01/06/2023;Área agricola ;SOLO;PASTAGEM;Antrópico;-16.15413889;-57.64280556;1;SOLO EXPOSTO;Natural ;;;;;;;1;TRANSPARENTE;18283.01
Janaina;01/06/2023;Área agricola ;SOLO;PASTAGEM;Antrópico;-16.15413889;-57.64280556;1;SOLO EXPOSTO;Natural ;;;;;;;2;TRANSPARENTE;16038.14
Janaina;01/06/2023;Área agricola ;SOLO;PASTAGEM;Antrópico;-16.15413889;-57.64280556;1;SOLO EXPOSTO;Natural ;;;;;;;3;TRANSPARENTE;-20147.39
Janaina;01/06/2023;Área agricola ;SOLO;PASTAGEM;Antrópico;-16.15413889;-57.64280556;1;SOLO EXPOSTO;Natural ;;;;;;;1;Escura ;-32324.49
Janaina;01/06/2023;Área agricola ;SOLO;PASTAGEM;Antrópico;-16.15413889;-57.64280556;1;SOLO EXPOSTO;Natural ;;;;;;;2;Escura ;-18100.55
Janaina;01/06/2023;Área agricola ;SOLO;PASTAGEM;Antrópico;-16.15413889;-57.64280556;1;SOLO EXPOSTO;Natural ;;;;;;;3;Escura ;-5873.80
Janaina;01/06/2023;Área agricola ;SOLO;PASTAGEM;Antrópico;-16.15413889;-57.64280556;2;SOLO EXPOSTO;Natural ;;;;;;;1;TRANSPARENTE;-11402.01
Janaina;01/06/2023;Área agricola ;SOLO;PASTAGEM;Antrópico;-16.15413889;-57.64280556;2;SOLO EXPOSTO;Natural ;;;;;;;2;TRANSPARENTE;16934.62
Janaina;01/06/2023;Área agricola ;SOLO;PASTAGEM;Antrópico;-16.15413889;-57.64280556;2;SOLO EXPOSTO;Natural ;;;;;;;3;TRANSPARENTE;7782.54
Janaina;01/06/2023;Área agricola ;SOLO;PASTAGEM;Antrópico;-16.15413889;-57.64280556;2;SOLO EXPOSTO;Natural ;;;;;;;1;Escura ;3117.04
Janaina;01/06/2023;Área agricola ;SOLO;PASTAGEM;Antrópico;-16.15413889;-57.64280556;2;SOLO EXPOSTO;Natural ;;;;;;;2;Escura ;-45052.01
Janaina;01/06/2023;Área agricola ;SOLO;PASTAGEM;Antrópico;-16.15413889;-57.64280556;2;SOLO EXPOSTO;Natural ;;;;;;;3;Escura ;-16129.96
Janaina;01/06/2023;Área agricola ;SOLO;PASTAGEM;Antrópico;-16.15413889;-57.64280556;3;SOLO EXPOSTO;Natural ;;;;;;;1;TRANSPARENTE;14400.56
Janaina;01/06/2023;Área agricola ;SOLO;PASTAGEM;Antrópico;-16.15413889;-57.64280556;3;SOLO EXPOSTO;Natural ;;;;;;;2;TRANSPARENTE;7382.67
Janaina;01/06/2023;Área agricola ;SOLO;PASTAGEM;Antrópico;-16.15413889;-57.64280556;3;SOLO EXPOSTO;Natural ;;;;;;;3;TRANSPARENTE;14478.47
Janaina;01/06/2023;Área agricola ;SOLO;PASTAGEM;Antrópico;-16.15413889;-57.64280556;3;SOLO EXPOSTO;Natural ;;;;;;;1;Escura ;-56408.82
Janaina;01/06/2023;Área agricola ;SOLO;PASTAGEM;Antrópico;-16.15413889;-57.64280556;3;SOLO EXPOSTO;Natural ;;;;;;;2;Escura ;-20386.94
Janaina;01/06/2023;Área agricola ;SOLO;PASTAGEM;Antrópico;-16.15413889;-57.64280556;3;SOLO EXPOSTO;Natural ;;;;;;;3;Escura ;-25401.52
Janaina;01/06/2023;Área agricola ;SOLO;PASTAGEM;Antrópico;-16.15413889;-57.64280556;4;SOLO EXPOSTO;Natural ;;;;;;;1;TRANSPARENTE;7304.17
Janaina;01/06/2023;Área agricola ;SOLO;PASTAGEM;Antrópico;-16.15413889;-57.64280556;4;SOLO EXPOSTO;Natural ;;;;;;;2;TRANSPARENTE;10410.69
Janaina;01/06/2023;Área agricola ;SOLO;PASTAGEM;Antrópico;-16.15413889;-57.64280556;4;SOLO EXPOSTO;Natural ;;;;;;;3;TRANSPARENTE;10031.48
Janaina;01/06/2023;Área agricola ;SOLO;PASTAGEM;Antrópico;-16.15413889;-57.64280556;4;SOLO EXPOSTO;Natural ;;;;;;;1;Escura ;9131.71
Janaina;01/06/2023;Área agricola ;SOLO;PASTAGEM;Antrópico;-16.15413889;-57.64280556;4;SOLO EXPOSTO;Natural ;;;;;;;2;Escura ;-18925.94
Janaina;01/06/2023;Área agricola ;SOLO;PASTAGEM;Antrópico;-16.15413889;-57.64280556;4;SOLO EXPOSTO;Natural ;;;;;;;3;Escura ;8177.41
Janaina;21/08/2022;Fazenda Grendene;SOLO;PASTAGEM;Antrópico;-16.15413889;-57.64280556;1;SOLO EXPOSTO;Queimado;;;;;;;1;TRANSPARENTE;9261.53
Janaina;21/08/2022;Fazenda Grendene;SOLO;PASTAGEM;Antrópico;-16.15413889;-57.64280556;1;SOLO EXPOSTO;Queimado;;;;;;;2;TRANSPARENTE;8398.40
Janaina;21/08/2022;Fazenda Grendene;SOLO;PASTAGEM;Antrópico;-16.15413889;-57.64280556;1;SOLO EXPOSTO;Queimado;;;;;;;3;TRANSPARENTE;10350.92
Janaina;21/08/2022;Fazenda Grendene;SOLO;PASTAGEM;Antrópico;-16.15413889;-57.64280556;1;SOLO EXPOSTO;Natural ;;;;;;;1;TRANSPARENTE;6924.26
Janaina;21/08/2022;Fazenda Grendene;SOLO;PASTAGEM;Antrópico;-16.15413889;-57.64280556;1;SOLO EXPOSTO;Natural ;;;;;;;2;TRANSPARENTE;11965.92
Janaina;21/08/2022;Fazenda Grendene;SOLO;PASTAGEM;Antrópico;-16.15413889;-57.64280556;1;SOLO EXPOSTO;Natural ;;;;;;;3;TRANSPARENTE;11470.18
Janaina;21/08/2022;Em frente a fazenda Grendene;SOLO;PASTAGEM;Antrópico;-16.15413889;-57.64280556;2;SOLO EXPOSTO;Queimado;;;;;;;1;TRANSPARENTE;8771.80
Janaina;21/08/2022;Em frente a fazenda Grendene;SOLO;PASTAGEM;Antrópico;-16.15413889;-57.64280556;2;SOLO EXPOSTO;Queimado;;;;;;;2;TRANSPARENTE;10725.04
Janaina;21/08/2022;Em frente a fazenda Grendene;SOLO;PASTAGEM;Antrópico;-16.15413889;-57.64280556;2;SOLO EXPOSTO;Queimado;;;;;;;3;TRANSPARENTE;6448.58
Janaina;21/08/2022;Em frente a fazenda Grendene;SOLO;PASTAGEM;Antrópico;-16.15413889;-57.64280556;2;SOLO EXPOSTO;Natural ;;;;;;;1;TRANSPARENTE;3487.53
Janaina;21/08/2022;Em frente a fazenda Grendene;SOLO;PASTAGEM;Antrópico;-16.15413889;-57.64280556;2;SOLO EXPOSTO;Natural ;;;;;;;2;TRANSPARENTE;3003.48
Janaina;21/08/2022;Em frente a fazenda Grendene;SOLO;PASTAGEM;Antrópico;-16.15413889;-57.64280556;2;SOLO EXPOSTO;Natural ;;;;;;;3;TRANSPARENTE;4506.49
Janaina;21/08/2022;ST. ARQ. Carne Seca;SOLO;VEGETAÇÃO PRIMÁRIA;Natural;-16.08186111;-57.70536111;3;SOLO EXPOSTO;Queimado;;;;;;;1;TRANSPARENTE;7373.49
Janaina;21/08/2022;ST. ARQ. Carne Seca;SOLO;VEGETAÇÃO PRIMÁRIA;Natural;-16.08186111;-57.70536111;3;SOLO EXPOSTO;Queimado;;;;;;;2;TRANSPARENTE;11367.42
Janaina;21/08/2022;ST. ARQ. Carne Seca;SOLO;VEGETAÇÃO PRIMÁRIA;Natural;-16.08186111;-57.70536111;3;SOLO EXPOSTO;Queimado;;;;;;;3;TRANSPARENTE;8575.95
Janaina;21/08/2022;ST. ARQ. Carne Seca;SOLO;VEGETAÇÃO PRIMÁRIA;Natural;-16.08186111;-57.70536111;3;SOLO EXPOSTO;Natural ;;;;;;;1;TRANSPARENTE;5279.13
Janaina;21/08/2022;ST. ARQ. Carne Seca;SOLO;VEGETAÇÃO PRIMÁRIA;Natural;-16.08186111;-57.70536111;3;SOLO EXPOSTO;Natural ;;;;;;;2;TRANSPARENTE;11047.57
Janaina;21/08/2022;ST. ARQ. Carne Seca;SOLO;VEGETAÇÃO PRIMÁRIA;Natural;-16.08186111;-57.70536111;3;SOLO EXPOSTO;Natural ;;;;;;;3;TRANSPARENTE;6953.14
Janaina;21/08/2022;Área urbana. Residencial Aeroporto;SOLO;URBANO;Antrópico;-16.04268611;-57.63463611;4;SOLO EXPOSTO;Queimado;;;;;;;1;TRANSPARENTE;12692.09
Janaina;21/08/2022;Área urbana. Residencial Aeroporto;SOLO;URBANO;Antrópico;-16.04268611;-57.63463611;4;SOLO EXPOSTO;Queimado;;;;;;;2;TRANSPARENTE;3861.65
Janaina;21/08/2022;Área urbana. Residencial Aeroporto;SOLO;URBANO;Antrópico;-16.04268611;-57.63463611;4;SOLO EXPOSTO;Queimado;;;;;;;3;TRANSPARENTE;5745.30
Janaina;21/08/2022;Área urbana. Residencial Aeroporto;SOLO;URBANO;Antrópico;-16.04268611;-57.63463611;4;SOLO EXPOSTO;Natural ;;;;;;;1;TRANSPARENTE;2462.27
Janaina;21/08/2022;Área urbana. Residencial Aeroporto;SOLO;URBANO;Antrópico;-16.04268611;-57.63463611;4;SOLO EXPOSTO;Natural ;;;;;;;2;TRANSPARENTE;4144.75
Janaina;21/08/2022;Área urbana. Residencial Aeroporto;SOLO;URBANO;Antrópico;-16.04268611;-57.63463611;4;SOLO EXPOSTO;Natural ;;;;;;;3;TRANSPARENTE;3613.13
Janaina;21/08/2022;Área urbana próximo ao RES.Dom Máximo;SOLO;URBANO;Antrópico;-16.04730833;-57.67369167;5;SOLO EXPOSTO;Queimado;;;;;;;1;TRANSPARENTE;3265.45
Janaina;21/08/2022;Área urbana próximo ao RES.Dom Máximo;SOLO;URBANO;Antrópico;-16.04730833;-57.67369167;5;SOLO EXPOSTO;Queimado;;;;;;;2;TRANSPARENTE;5928.21
Janaina;21/08/2022;Área urbana próximo ao RES.Dom Máximo;SOLO;URBANO;Antrópico;-16.04730833;-57.67369167;5;SOLO EXPOSTO;Queimado;;;;;;;3;TRANSPARENTE;5577.62
Janaina;21/08/2022;Área urbana próximo ao RES.Dom Máximo;SOLO;URBANO;Antrópico;-16.04730833;-57.67369167;5;SOLO EXPOSTO;Natural ;;;;;;;1;TRANSPARENTE;3648.83
Janaina;21/08/2022;Área urbana próximo ao RES.Dom Máximo;SOLO;URBANO;Antrópico;-16.04730833;-57.67369167;5;SOLO EXPOSTO;Natural ;;;;;;;2;TRANSPARENTE;4668.59
Janaina;21/08/2022;Área urbana próximo ao RES.Dom Máximo;SOLO;URBANO;Antrópico;-16.04730833;-57.67369167;5;SOLO EXPOSTO;Natural ;;;;;;;3;TRANSPARENTE;4586.32
Janaina;21/08/2022;Fazenda Grendene;SOLO;PASTAGEM;Antrópico;-16.15413889;-57.64280556;1;SOLO EXPOSTO;Queimado;;;;;;;1;Escura ;9948.27
Janaina;21/08/2022;Fazenda Grendene;SOLO;PASTAGEM;Antrópico;-16.15413889;-57.64280556;1;SOLO EXPOSTO;Queimado;;;;;;;2;Escura ;7650.61
Janaina;21/08/2022;Fazenda Grendene;SOLO;PASTAGEM;Antrópico;-16.15413889;-57.64280556;1;SOLO EXPOSTO;Queimado;;;;;;;3;Escura ;5895.53
Janaina;21/08/2022;Fazenda Grendene;SOLO;PASTAGEM;Antrópico;-16.15413889;-57.64280556;1;SOLO EXPOSTO;Natural ;;;;;;;1;Escura ;6193.60
Janaina;21/08/2022;Fazenda Grendene;SOLO;PASTAGEM;Antrópico;-16.15413889;-57.64280556;1;SOLO EXPOSTO;Natural ;;;;;;;2;Escura ;9654.80
Janaina;21/08/2022;Fazenda Grendene;SOLO;PASTAGEM;Antrópico;-16.15413889;-57.64280556;1;SOLO EXPOSTO;Natural ;;;;;;;3;Escura ;7138.10
Janaina;21/08/2022;Em frente a fazenda Grendene;SOLO;PASTAGEM;Antrópico;-16.15413889;-57.64280556;2;SOLO EXPOSTO;Queimado;;;;;;;1;Escura ;5397.24
Janaina;21/08/2022;Em frente a fazenda Grendene;SOLO;PASTAGEM;Antrópico;-16.15413889;-57.64280556;2;SOLO EXPOSTO;Queimado;;;;;;;2;Escura ;8904.95
Janaina;21/08/2022;Em frente a fazenda Grendene;SOLO;PASTAGEM;Antrópico;-16.15413889;-57.64280556;2;SOLO EXPOSTO;Queimado;;;;;;;3;Escura ;3279.32
Janaina;21/08/2022;Em frente a fazenda Grendene;SOLO;PASTAGEM;Antrópico;-16.15413889;-57.64280556;2;SOLO EXPOSTO;Natural ;;;;;;;1;Escura ;2498.38
Janaina;21/08/2022;Em frente a fazenda Grendene;SOLO;PASTAGEM;Antrópico;-16.15413889;-57.64280556;2;SOLO EXPOSTO;Natural ;;;;;;;2;Escura ;3761.56
Janaina;21/08/2022;Em frente a fazenda Grendene;SOLO;PASTAGEM;Antrópico;-16.15413889;-57.64280556;2;SOLO EXPOSTO;Natural ;;;;;;;3;Escura ;-16535.57
Janaina;21/08/2022;ST. ARQ. Carne Seca;SOLO;VEGETAÇÃO PRIMÁRIA;Natural;-16.08186111;-57.70536111;3;SOLO EXPOSTO;Queimado;;;;;;;1;Escura ;2194.56
Janaina;21/08/2022;ST. ARQ. Carne Seca;SOLO;VEGETAÇÃO PRIMÁRIA;Natural;-16.08186111;-57.70536111;3;SOLO EXPOSTO;Queimado;;;;;;;2;Escura ;1441.72
Janaina;21/08/2022;ST. ARQ. Carne Seca;SOLO;VEGETAÇÃO PRIMÁRIA;Natural;-16.08186111;-57.70536111;3;SOLO EXPOSTO;Queimado;;;;;;;3;Escura ;4577.81
Janaina;21/08/2022;ST. ARQ. Carne Seca;SOLO;VEGETAÇÃO PRIMÁRIA;Natural;-16.08186111;-57.70536111;3;SOLO EXPOSTO;Natural ;;;;;;;1;Escura ;6075.82
Janaina;21/08/2022;ST. ARQ. Carne Seca;SOLO;VEGETAÇÃO PRIMÁRIA;Natural;-16.08186111;-57.70536111;3;SOLO EXPOSTO;Natural ;;;;;;;2;Escura ;5555.09
Janaina;21/08/2022;ST. ARQ. Carne Seca;SOLO;VEGETAÇÃO PRIMÁRIA;Natural;-16.08186111;-57.70536111;3;SOLO EXPOSTO;Natural ;;;;;;;3;Escura ;3930.73
Janaina;21/08/2022;Área urbana próximo ao RES.Dom Máximo;SOLO;URBANO;Antrópico;-16.04730833;-57.67369167;4;SOLO EXPOSTO;Queimado;;;;;;;1;Escura ;5518.70
Janaina;21/08/2022;Área urbana próximo ao RES.Dom Máximo;SOLO;URBANO;Antrópico;-16.04730833;-57.67369167;4;SOLO EXPOSTO;Queimado;;;;;;;2;Escura ;3851.50
Janaina;21/08/2022;Área urbana próximo ao RES.Dom Máximo;SOLO;URBANO;Antrópico;-16.04730833;-57.67369167;4;SOLO EXPOSTO;Queimado;;;;;;;3;Escura ;3840.72
Janaina;21/08/2022;Área urbana próximo ao RES.Dom Máximo;SOLO;URBANO;Antrópico;-16.04730833;-57.67369167;4;SOLO EXPOSTO;Natural ;;;;;;;1;Escura ;4722.74
Janaina;21/08/2022;Área urbana próximo ao RES.Dom Máximo;SOLO;URBANO;Antrópico;-16.04730833;-57.67369167;4;SOLO EXPOSTO;Natural ;;;;;;;2;Escura ;3756.69
Janaina;21/08/2022;Área urbana próximo ao RES.Dom Máximo;SOLO;URBANO;Antrópico;-16.04730833;-57.67369167;4;SOLO EXPOSTO;Natural ;;;;;;;3;Escura ;5798.68
Janaina;21/08/2022;Área urbana. Residencial Aeroporto;SOLO;URBANO;Antrópico;-16.04268611;-57.63463611;5;SOLO EXPOSTO;Queimado;;;;;;;1;Escura ;2807.93
Janaina;21/08/2022;Área urbana. Residencial Aeroporto;SOLO;URBANO;Antrópico;-16.04268611;-57.63463611;5;SOLO EXPOSTO;Queimado;;;;;;;2;Escura ;7897.43
Janaina;21/08/2022;Área urbana. Residencial Aeroporto;SOLO;URBANO;Antrópico;-16.04268611;-57.63463611;5;SOLO EXPOSTO;Queimado;;;;;;;3;Escura ;5696.38
Janaina;21/08/2022;Área urbana. Residencial Aeroporto;SOLO;URBANO;Antrópico;-16.04268611;-57.63463611;5;SOLO EXPOSTO;Natural ;;;;;;;1;Escura ;7468.43
Janaina;21/08/2022;Área urbana. Residencial Aeroporto;SOLO;URBANO;Antrópico;-16.04268611;-57.63463611;5;SOLO EXPOSTO;Natural ;;;;;;;2;Escura ;5226.70
Janaina;21/08/2022;Área urbana. Residencial Aeroporto;SOLO;URBANO;Antrópico;-16.04268611;-57.63463611;5;SOLO EXPOSTO;Natural ;;;;;;;3;Escura ;5547.31
Ernandes;09/07/2021;Baía mal assombrada;SOLO;BAÍA;Natural;-16.04595926;-57.72013692;1;SOLO VEGETADO;Natural ;;;;;;;1;TRANSPARENTE;-8398.40
Ernandes;09/07/2021;Baía mal assombrada;SOLO;BAÍA;Natural;-16.04595926;-57.72013692;1;SOLO EXPOSTO;Queimado;;;;;;;1;TRANSPARENTE;3472.02
Ernandes;09/07/2021;Baía mal assombrada;SOLO;BAÍA;Natural;-16.04595926;-57.72013692;1;SOLO VEGETADO;Natural ;;;;;;;2;TRANSPARENTE;-2803.72
Ernandes;09/07/2021;Baía mal assombrada;SOLO;BAÍA;Natural;-16.04595926;-57.72013692;1;SOLO VEGETADO;Natural ;;;;;;;3;TRANSPARENTE;-4244.71
Ernandes;09/07/2021;Baía mal assombrada;SOLO;BAÍA;Natural;-16.04595926;-57.72013692;1;SOLO VEGETADO;Natural ;;;;;;;1;TRANSPARENTE;-794.83
Ernandes;09/07/2021;Baía mal assombrada;SOLO;BAÍA;Natural;-16.04595926;-57.72013692;1;SOLO EXPOSTO;Queimado;;;;;;;2;TRANSPARENTE;4236.12
Ernandes;09/07/2021;Baía mal assombrada;SOLO;BAÍA;Natural;-16.04595926;-57.72013692;1;SOLO EXPOSTO;Queimado;;;;;;;3;TRANSPARENTE;4363.15
Ernandes;09/07/2021;Baía mal assombrada;SOLO;BAÍA;Natural;-16.04595926;-57.72013692;1;SOLO VEGETADO;Natural ;;;;;;;2;TRANSPARENTE;-1982.94
Ernandes;09/07/2021;Baía mal assombrada;SOLO;BAÍA;Natural;-16.04595926;-57.72013692;1;SOLO VEGETADO;Natural ;;;;;;;3;TRANSPARENTE;-5789.30
Ernandes;09/07/2021;Baía mal assombrada;SOLO;BAÍA;Natural;-16.04595926;-57.72013692;1;SOLO VEGETADO;Natural ;;;;;;;1;TRANSPARENTE;-35426.33
Ernandes;11/07/2021;Baía mal assombrada;SOLO;BAÍA;Natural;-16.04595926;-57.72013692;1;SOLO VEGETADO;Natural ;;;;;;;2;TRANSPARENTE;-1598.49
Ernandes;11/07/2021;Baía mal assombrada;SOLO;BAÍA;Natural;-16.04595926;-57.72013692;1;SOLO EXPOSTO;Queimado;;;;;;;1;TRANSPARENTE;1864.17
Ernandes;11/07/2021;Baía mal assombrada;SOLO;BAÍA;Natural;-16.04595926;-57.72013692;1;SOLO VEGETADO;Natural ;;;;;;;1;TRANSPARENTE;-2678.17
Ernandes;11/07/2021;Baía mal assombrada;SOLO;BAÍA;Natural;-16.04595926;-57.72013692;1;SOLO EXPOSTO;Queimado;;;;;;;2;TRANSPARENTE;3161.81
Ernandes;11/07/2021;Baía mal assombrada;SOLO;BAÍA;Natural;-16.04595926;-57.72013692;1;SOLO VEGETADO;Natural ;;;;;;;2;TRANSPARENTE;-2359.16
Ernandes;11/07/2021;Baía mal assombrada;SOLO;BAÍA;Natural;-16.04595926;-57.72013692;1;SOLO EXPOSTO;Queimado;;;;;;;3;TRANSPARENTE;1571.54
Ernandes;11/07/2021;Baía mal assombrada;SOLO;BAÍA;Natural;-16.04595926;-57.72013692;1;SOLO VEGETADO;Natural ;;;;;;;3;TRANSPARENTE;-1563.24
Ernandes;11/07/2021;Baía mal assombrada;SOLO;BAÍA;Natural;-16.04595926;-57.72013692;1;SOLO EXPOSTO;Queimado;;;;;;;1;TRANSPARENTE;7171.90
Ernandes;11/07/2021;Baía mal assombrada;SOLO;BAÍA;Natural;-16.04595926;-57.72013692;1;SOLO EXPOSTO;Queimado;;;;;;;2;TRANSPARENTE;7091.36
Ernandes;02/08/2021;Baía mal assombrada;SOLO;BAÍA;Natural;-16.04595926;-57.72013692;1;SOLO VEGETADO;Natural ;;;;;;;1;TRANSPARENTE;-4650.93
Ernandes;02/08/2021;Baía mal assombrada;SOLO;BAÍA;Natural;-16.04595926;-57.72013692;1;SOLO VEGETADO;Natural ;;;;;;;2;TRANSPARENTE;-2765.72
Thiago Pereira ;01/11/2022;PONTA DO MORRO ;ÁGUA;NASCENTE;Natural;-16.13649722;-57.53737222;1;ÁGUA;Natural;8.4;22.4;;8.76;390;104.3;1;TRANSPARENTE;46909.29
Thiago Pereira ;01/11/2022;PONTA DO MORRO ;ÁGUA;NASCENTE;Natural;-16.13649722;-57.53737222;1;ÁGUA;Natural;8.24;22.41;;8.35;207;98;2;TRANSPARENTE;7612.04
Thiago Pereira ;01/11/2022;PONTA DO MORRO ;ÁGUA;NASCENTE;Natural;-16.13649722;-57.53737222;1;ÁGUA;Natural;8.21;22.41;;7.99;390;93.9;3;TRANSPARENTE;77841.35
Thiago Pereira ;01/11/2022;PONTA DO MORRO ;ÁGUA;NASCENTE;Natural;-16.13649722;-57.53737222;1;ÁGUA;Natural;8.4;22.4;;8.76;390;104.3;1;ESCURA;9968.53
Thiago Pereira ;01/11/2022;PONTA DO MORRO ;ÁGUA;NASCENTE;Natural;-16.13649722;-57.53737222;1;ÁGUA;Natural;8.24;22.41;;8.35;207;98;2;ESCURA;12565.95
Thiago Pereira ;01/11/2022;PONTA DO MORRO ;ÁGUA;NASCENTE;Natural;-16.13649722;-57.53737222;1;ÁGUA;Natural;8.21;22.41;;7.99;390;93.9;3;ESCURA;33857.67
Thiago Pereira ;01/11/2022;ÁGUAS CLARAS;ÁGUA;NASCENTE;Natural;-16.08067222;-57.56555;2;ÁGUA;Natural;7.83;24.91;;6.21;472;75.6;1;ESCURA;291226.05
Thiago Pereira ;01/11/2022;ÁGUAS CLARAS;ÁGUA;NASCENTE;Natural;-16.08067222;-57.56555;2;ÁGUA;Natural;7.72;24.84;;6.06;472;74;2;ESCURA;431633.79
Thiago Pereira ;01/11/2022;ÁGUAS CLARAS;ÁGUA;NASCENTE;Natural;-16.08067222;-57.56555;2;ÁGUA;Natural;7.63;25.1;;5.87;476;70.1;3;ESCURA;422296.62
Thiago Pereira ;01/11/2022;DANILO;ÁGUA;PERCURSO;Natural;-16.07513889;-57.57181389;3;ÁGUA;Natural;7.81;25.54;;6.74;476;61.5;1;TRANSPARENTE;58502.84
Thiago Pereira ;01/11/2022;DANILO;ÁGUA;PERCURSO;Natural;-16.07513889;-57.57181389;3;ÁGUA;Natural;8.12;24.52;;6.59;477;79.8;2;TRANSPARENTE;109272.66
Thiago Pereira ;01/11/2022;DANILO;ÁGUA;PERCURSO;Natural;-16.07513889;-57.57181389;3;ÁGUA;Natural;8.8;24.54;;6.86;487;82.9;3;TRANSPARENTE;87258.82
Thiago Pereira ;01/11/2022;DANILO;ÁGUA;PERCURSO;Natural;-16.07513889;-57.57181389;3;ÁGUA;Natural;7.81;25.54;;6.74;476;61.5;1;ESCURA;41794.50
Thiago Pereira ;01/11/2022;DANILO;ÁGUA;PERCURSO;Natural;-16.07513889;-57.57181389;3;ÁGUA;Natural;8.12;24.52;;6.59;477;79.8;2;ESCURA;49946.45
Thiago Pereira ;01/11/2022;DANILO;ÁGUA;PERCURSO;Natural;-16.07513889;-57.57181389;3;ÁGUA;Natural;8.8;24.54;;6.86;487;82.9;3;ESCURA;51612.60
Thiago Pereira ;01/11/2022;PIRAPUTANGA ;ÁGUA;PERCURSO;Natural;-16.05816667;-57.57726389;4;ÁGUA;Natural;8.58;22.43;;6.82;468;83.9;1;ESCURA;6417.79
Thiago Pereira ;01/11/2022;PIRAPUTANGA ;ÁGUA;PERCURSO;Natural;-16.05816667;-57.57726389;4;ÁGUA;Natural;8.54;22.48;;5.98;248;69.1;2;ESCURA;10273.15
Thiago Pereira ;01/11/2022;PIRAPUTANGA ;ÁGUA;PERCURSO;Natural;-16.05816667;-57.57726389;4;ÁGUA;Natural;8.55;22.5;;5.73;467;67.2;3;ESCURA;12523.19
Thiago Pereira ;01/11/2022;RIBEIRÃO ;ÁGUA;FOZ;Natural;-16.026025;-57.62518889;5;ÁGUA;Natural;8.58;21.23;;10.82;481;131.8;1;ESCURA;81417.45
Thiago Pereira ;01/11/2022;RIBEIRÃO ;ÁGUA;FOZ;Natural;-16.026025;-57.62518889;5;ÁGUA;Natural;8.6;21.21;;8.99;481;102.7;2;ESCURA;10455.35
Thiago Pereira ;01/11/2022;RIBEIRÃO ;ÁGUA;FOZ;Natural;-16.026025;-57.62518889;5;ÁGUA;Natural;8.53;21.23;;8.55;481;92.9;3;ESCURA;15989.17
Thiago Pereira ;01/11/2022;ÁGUAS CLARAS;ÁGUA;NASCENTE;Natural;-16.08067222;-57.56555;2;ÁGUA;Natural;7.83;24.91;;6.21;472;75.6;1;TRANSPARENTE;249137.74
Thiago Pereira ;01/11/2022;ÁGUAS CLARAS;ÁGUA;NASCENTE;Natural;-16.08067222;-57.56555;2;ÁGUA;Natural;7.72;24.84;;6.06;472;74;2;TRANSPARENTE;363454.66
Thiago Pereira ;01/11/2022;ÁGUAS CLARAS;ÁGUA;NASCENTE;Natural;-16.08067222;-57.56555;2;ÁGUA;Natural;7.63;25.1;;5.87;476;70.1;3;TRANSPARENTE;368717.68
Thiago Pereira ;01/11/2022;DANILO;ÁGUA;NASCENTE;Natural;-16.07513889;-57.57181389;3;ÁGUA;Natural;7.81;25.54;;6.74;476;61.5;1;TRANSPARENTE;58502.84
Thiago Pereira ;01/11/2022;DANILO;ÁGUA;PERCURSO;Natural;-16.07513889;-57.57181389;3;ÁGUA;Natural;8.12;24.52;;6.59;477;79.8;2;TRANSPARENTE;109272.66
Thiago Pereira ;01/11/2022;DANILO;ÁGUA;PERCURSO;Natural;-16.07513889;-57.57181389;3;ÁGUA;Natural;8.8;24.54;;6.86;487;82.9;3;TRANSPARENTE;87258.82
Thiago Pereira ;01/11/2022;PIRAPUTANGA ;ÁGUA;PERCURSO;Natural;-16.05816667;-57.57726389;4;ÁGUA;Natural;8.58;22.43;;6.82;468;83.9;1;TRANSPARENTE;9494.53
Thiago Pereira ;01/11/2022;PIRAPUTANGA ;ÁGUA;PERCURSO;Natural;-16.05816667;-57.57726389;4;ÁGUA;Natural;8.54;22.48;;5.98;248;69.1;2;TRANSPARENTE;14921.30
Thiago Pereira ;01/11/2022;PIRAPUTANGA ;ÁGUA;PERCURSO;Natural;-16.05816667;-57.57726389;4;ÁGUA;Natural;8.55;22.5;;5.73;467;67.2;3;TRANSPARENTE;13256.46
Thiago Pereira ;01/11/2022;RIBEIRÃO ;ÁGUA;PERCURSO;Natural;-16.026025;-57.62518889;5;ÁGUA;Natural;8.58;21.23;;10.82;481;131.8;1;TRANSPARENTE;5756.57
Thiago Pereira ;01/11/2022;RIBEIRÃO ;ÁGUA;PERCURSO;Natural;-16.026025;-57.62518889;5;ÁGUA;Natural;8.6;21.21;;8.99;481;102.7;2;TRANSPARENTE;11162.23
Thiago Pereira ;01/11/2022;RIBEIRÃO ;ÁGUA;NASCENTE;Natural;-16.026025;-57.62518889;5;ÁGUA;Natural;8.53;21.23;;8.55;481;92.9;3;TRANSPARENTE;25598.79
Thiago Pereira ;22/05/2023;PONTA DO MORRO ;ÁGUA;NASCENTE;Natural;-16.13649722;-57.53737222;1;ÁGUA;Natural;8.13;25.78;;11.17;391;141.8;1;TRANSPARENTE;29140.01
Thiago Pereira ;22/05/2023;PONTA DO MORRO ;ÁGUA;NASCENTE;Natural;-16.13649722;-57.53737222;1;ÁGUA;Natural;8.01;25.78;;11.14;390;141.2;2;TRANSPARENTE;43142.48
Thiago Pereira ;22/05/2023;PONTA DO MORRO ;ÁGUA;NASCENTE;Natural;-16.13649722;-57.53737222;1;ÁGUA;Natural;7.94;25.78;;11.37;390;141.9;3;TRANSPARENTE;16169.61
Thiago Pereira ;22/05/2023;PONTA DO MORRO ;ÁGUA;NASCENTE;Natural;-16.13649722;-57.53737222;1;ÁGUA;Natural;8.13;25.78;;11.17;391;141.8;1;ESCURA;73578.09
Thiago Pereira ;22/05/2023;PONTA DO MORRO ;ÁGUA;NASCENTE;Natural;-16.13649722;-57.53737222;1;ÁGUA;Natural;8.01;25.78;;11.14;390;141.2;2;ESCURA;41158.02
Thiago Pereira ;22/05/2023;PONTA DO MORRO ;ÁGUA;NASCENTE;Natural;-16.13649722;-57.53737222;1;ÁGUA;Natural;7.94;25.78;;11.37;390;141.9;3;ESCURA;-56619.81
Thiago Pereira ;22/05/2023;ÁGUAS CLARAS;ÁGUA;NASCENTE;Natural;-16.08067222;-57.56555;2;ÁGUA;Natural;7.37;26.69;;9.37;483;120.1;1;TRANSPARENTE;249891.13
Thiago Pereira ;22/05/2023;ÁGUAS CLARAS;ÁGUA;NASCENTE;Natural;-16.08067222;-57.56555;2;ÁGUA;Natural;7.28;26.67;;9.32;481;118.8;2;TRANSPARENTE;143835.89
Thiago Pereira ;22/05/2023;ÁGUAS CLARAS;ÁGUA;NASCENTE;Natural;-16.08067222;-57.56555;2;ÁGUA;Natural;7.23;26.86;;9.24;487;118;3;TRANSPARENTE;176462.82
Thiago Pereira ;22/05/2023;ÁGUAS CLARAS;ÁGUA;NASCENTE;Natural;-16.08067222;-57.56555;2;ÁGUA;Natural;7.37;26.69;;9.37;483;120.1;1;ESCURA;257132.33
Thiago Pereira ;22/05/2023;ÁGUAS CLARAS;ÁGUA;NASCENTE;Natural;-16.08067222;-57.56555;2;ÁGUA;Natural;7.28;26.67;;9.32;481;118.8;2;ESCURA;444852.85
Thiago Pereira ;22/05/2023;ÁGUAS CLARAS;ÁGUA;NASCENTE;Natural;-16.08067222;-57.56555;2;ÁGUA;Natural;7.23;26.86;;9.24;487;118;3;ESCURA;628753.20
Thiago Pereira ;22/05/2023;DANILO;ÁGUA;PERCURSO;Natural;-16.07513889;-57.57181389;3;ÁGUA;Natural;8;27.03;;11.09;485;142.8;1;TRANSPARENTE;77943.92
Thiago Pereira ;22/05/2023;DANILO;ÁGUA;PERCURSO;Natural;-16.07513889;-57.57181389;3;ÁGUA;Natural;7.94;27.03;;10.95;484;140.8;2;TRANSPARENTE;99570.25
Thiago Pereira ;22/05/2023;DANILO;ÁGUA;PERCURSO;Natural;-16.07513889;-57.57181389;3;ÁGUA;Natural;7.92;27.03;;10.97;484;141.2;3;TRANSPARENTE;113053.85
Thiago Pereira ;22/05/2023;DANILO;ÁGUA;PERCURSO;Natural;-16.07513889;-57.57181389;3;ÁGUA;Natural;8;27.03;;11.09;485;142.8;1;ESCURA;109531.17
Thiago Pereira ;22/05/2023;DANILO;ÁGUA;PERCURSO;Natural;-16.07513889;-57.57181389;3;ÁGUA;Natural;7.94;27.03;;10.95;484;140.8;2;ESCURA;134219.88
Thiago Pereira ;22/05/2023;DANILO;ÁGUA;PERCURSO;Natural;-16.07513889;-57.57181389;3;ÁGUA;Natural;7.92;27.03;;10.97;484;141.2;3;ESCURA;117745.40
Thiago Pereira ;22/05/2023;PIRAPUTANGA ;ÁGUA;PERCURSO;Natural;-16.05816667;-57.57726389;4;ÁGUA;Natural;8.49;25.98;;11.38;442;242;1;TRANSPARENTE;8870.57
Thiago Pereira ;22/05/2023;PIRAPUTANGA ;ÁGUA;PERCURSO;Natural;-16.05816667;-57.57726389;4;ÁGUA;Natural;8.45;25.98;;11.4;442;142.6;2;TRANSPARENTE;12600.37
Thiago Pereira ;22/05/2023;PIRAPUTANGA ;ÁGUA;PERCURSO;Natural;-16.05816667;-57.57726389;4;ÁGUA;Natural;8.44;25.98;;11.64;442;145.5;3;TRANSPARENTE;9650.80
Thiago Pereira ;22/05/2023;PIRAPUTANGA ;ÁGUA;PERCURSO;Natural;-16.05816667;-57.57726389;4;ÁGUA;Natural;8.49;25.98;;11.38;442;242;1;ESCURA;9729.08
Thiago Pereira ;22/05/2023;PIRAPUTANGA ;ÁGUA;PERCURSO;Natural;-16.05816667;-57.57726389;4;ÁGUA;Natural;8.45;25.98;;11.4;442;142.6;2;ESCURA;7702.74
Thiago Pereira ;22/05/2023;PIRAPUTANGA ;ÁGUA;PERCURSO;Natural;-16.026025;-57.62518889;4;ÁGUA;Natural;8.44;25.98;;11.64;442;145.5;3;ESCURA;12592.33
Thiago Pereira ;22/05/2023;RIBEIRÃO ;ÁGUA;FOZ;Natural;-16.026025;-57.62518889;5;ÁGUA;Natural;8.52;25.76;;11.16;479;140;1;TRANSPARENTE;33834.10
Thiago Pereira ;22/05/2023;RIBEIRÃO ;ÁGUA;FOZ;Natural;-16.026025;-57.62518889;5;ÁGUA;Natural;8.39;25.79;;11.01;471;138.1;2;TRANSPARENTE;15567.57
Thiago Pereira ;22/05/2023;RIBEIRÃO ;ÁGUA;FOZ;Natural;-16.026025;-57.62518889;5;ÁGUA;Natural;8.35;25.86;;10.76;468;134.1;3;TRANSPARENTE;44709.85
Thiago Pereira ;22/05/2023;RIBEIRÃO ;ÁGUA;FOZ;Natural;-16.026025;-57.62518889;5;ÁGUA;Natural;8.52;25.76;;11.16;479;140;1;ESCURA;12826.92
Thiago Pereira ;22/05/2023;RIBEIRÃO ;ÁGUA;FOZ;Natural;-16.026025;-57.62518889;5;ÁGUA;Natural;8.39;25.79;;11.01;471;138.1;2;ESCURA;7740.59
Thiago Pereira ;22/05/2023;RIBEIRÃO ;ÁGUA;FOZ;Natural;-16.026025;-57.62518889;5;ÁGUA;Natural;8.35;25.86;;10.76;468;134.1;3;ESCURA;7027.95
Thiago Pereira ;15/08/2023;PONTA DO MORRO ;ÁGUA;NASCENTE;Natural;-16.13649722;-57.53737222;1;ÁGUA;Natural;8.09;24.45;;7.52;428;92.9;1;TRANSPARENTE;41763.85
Thiago Pereira ;15/08/2023;PONTA DO MORRO ;ÁGUA;NASCENTE;Natural;-16.13649722;-57.53737222;1;ÁGUA;Natural;8.09;24.42;;7.53;428;92.9;2;TRANSPARENTE;30289.12
Thiago Pereira ;15/08/2023;PONTA DO MORRO ;ÁGUA;NASCENTE;Natural;-16.13649722;-57.53737222;1;ÁGUA;Natural;8.1;24.44;;7.58;428;93.4;3;TRANSPARENTE;42118.56
Thiago Pereira ;15/08/2023;PONTA DO MORRO ;ÁGUA;NASCENTE;Natural;-16.13649722;-57.53737222;1;ÁGUA;Natural;8.09;24.45;;7.52;428;92.9;1;ESCURA;34865.64
Thiago Pereira ;15/08/2023;PONTA DO MORRO ;ÁGUA;NASCENTE;Natural;-16.13649722;-57.53737222;1;ÁGUA;Natural;8.09;24.42;;7.53;428;92.9;2;ESCURA;24125.32
Thiago Pereira ;15/08/2023;PONTA DO MORRO ;ÁGUA;NASCENTE;Natural;-16.13649722;-57.53737222;1;ÁGUA;Natural;8.1;24.44;;7.58;428;93.4;3;ESCURA;29165.95
Thiago Pereira ;15/08/2023;ÁGUAS CLARAS;ÁGUA;NASCENTE;Natural;-16.08067222;-57.56555;2;ÁGUA;Natural;7.49;26.74;;8.08;502;70.4;1;TRANSPARENTE;310990.79
Thiago Pereira ;15/08/2023;ÁGUAS CLARAS;ÁGUA;NASCENTE;Natural;-16.08067222;-57.56555;2;ÁGUA;Natural;7.3;26.95;;6.97;505;89.5;2;TRANSPARENTE;135566.51
Thiago Pereira ;15/08/2023;ÁGUAS CLARAS;ÁGUA;NASCENTE;Natural;-16.08067222;-57.56555;2;ÁGUA;Natural;7.29;26.88;;6.94;509;88.8;3;TRANSPARENTE;200119.12
Thiago Pereira ;15/08/2023;ÁGUAS CLARAS;ÁGUA;NASCENTE;Natural;-16.08067222;-57.56555;2;ÁGUA;Natural;7.49;26.74;;8.08;502;70.4;1;ESCURA;136276.04
Thiago Pereira ;15/08/2023;ÁGUAS CLARAS;ÁGUA;NASCENTE;Natural;-16.08067222;-57.56555;2;ÁGUA;Natural;7.3;26.95;;6.97;505;89.5;2;ESCURA;111215.43
Thiago Pereira ;15/08/2023;ÁGUAS CLARAS;ÁGUA;NASCENTE;Natural;-16.08067222;-57.56555;2;ÁGUA;Natural;7.29;26.88;;6.94;509;88.8;3;ESCURA;128966.87
Thiago Pereira ;15/08/2023;DANILO;ÁGUA;PERCURSO;Natural;-16.08055556;-57.58138889;4;ÁGUA;Natural;7.96;26.8;;6.13;491;78.7;1;TRANSPARENTE;60129.78
Thiago Pereira ;15/08/2023;DANILO;ÁGUA;PERCURSO;Natural;-16.08055556;-57.58138889;4;ÁGUA;Natural;7.93;20.81;;8.71;492;111.6;2;TRANSPARENTE;65674.01
Thiago Pereira ;15/08/2023;DANILO;ÁGUA;PERCURSO;Natural;-16.08055556;-57.58138889;4;ÁGUA;Natural;7.94;20.82;;8.72;492;110.2;3;TRANSPARENTE;65115.60
Thiago Pereira ;15/08/2023;DANILO;ÁGUA;PERCURSO;Natural;-16.08055556;-57.58138889;4;ÁGUA;Natural;7.96;26.8;;6.13;491;78.7;1;ESCURA;78859.99
Thiago Pereira ;15/08/2023;DANILO;ÁGUA;PERCURSO;Natural;-16.08055556;-57.58138889;4;ÁGUA;Natural;7.93;20.81;;8.71;492;111.6;2;ESCURA;88917.01
Thiago Pereira ;15/08/2023;DANILO;ÁGUA;PERCURSO;Natural;-16.05816667;-57.57726389;4;ÁGUA;Natural;7.94;20.82;;8.72;492;110.2;3;ESCURA;71491.70
Thiago Pereira ;15/08/2023;PIRAPUTANGA ;ÁGUA;PERCURSO;Natural;-16.05816667;-57.57726389;4;ÁGUA;Natural;8.27;24.99;;83.2;473;2.7;1;TRANSPARENTE;7555.92
Thiago Pereira ;15/08/2023;PIRAPUTANGA ;ÁGUA;PERCURSO;Natural;-16.05816667;-57.57726389;4;ÁGUA;Natural;8.36;25;;81.6;474;2.5;2;TRANSPARENTE;6660.19
Thiago Pereira ;15/08/2023;PIRAPUTANGA ;ÁGUA;PERCURSO;Natural;-16.05816667;-57.57726389;4;ÁGUA;Natural;8.36;25.01;;99.6;474;2.6;3;TRANSPARENTE;8922.75
Thiago Pereira ;15/08/2023;PIRAPUTANGA ;ÁGUA;PERCURSO;Natural;-16.05816667;-57.57726389;4;ÁGUA;Natural;8.27;24.99;;83.2;473;2.7;1;ESCURA;7612.31
Thiago Pereira ;15/08/2023;PIRAPUTANGA ;ÁGUA;PERCURSO;Natural;-16.05816667;-57.57726389;4;ÁGUA;Natural;8.36;25;;81.6;474;2.5;2;ESCURA;6714.41
Thiago Pereira ;15/08/2023;PIRAPUTANGA ;ÁGUA;PERCURSO;Natural;-16.05816667;-57.57726389;4;ÁGUA;Natural;8.36;25.01;;99.6;474;2.6;3;ESCURA;3796.88
Thiago Pereira ;15/08/2023;RIBEIRÃO ;ÁGUA;FOZ;Natural;-16.026025;-57.62518889;5;ÁGUA;Natural;8.03;23.28;;6.23;471;73.8;1;TRANSPARENTE;10948.30
Thiago Pereira ;15/08/2023;RIBEIRÃO ;ÁGUA;FOZ;Natural;-16.026025;-57.62518889;5;ÁGUA;Natural;8.2;23.29;;8.78;481;104.3;2;TRANSPARENTE;7392.24
Thiago Pereira ;15/08/2023;RIBEIRÃO ;ÁGUA;FOZ;Natural;-16.026025;-57.62518889;5;ÁGUA;Natural;8.22;23.3;;8.62;481;102.3;3;TRANSPARENTE;9874.08
Thiago Pereira ;15/08/2023;RIBEIRÃO ;ÁGUA;FOZ;Natural;-16.026025;-57.62518889;5;ÁGUA;Natural;8.03;23.28;;6.23;471;73.8;1;ESCURA;8796.01
Thiago Pereira ;15/08/2023;RIBEIRÃO ;ÁGUA;FOZ;Natural;-16.026025;-57.62518889;5;ÁGUA;Natural;8.2;23.29;;8.78;481;104.3;2;ESCURA;-5480.45
Thiago Pereira ;15/08/2023;RIBEIRÃO ;ÁGUA;FOZ;Natural;-16.026025;-57.62518889;5;ÁGUA;Natural;8.22;23.3;;8.62;481;102.3;3;ESCURA;10704.68
Josiane Carioca;01/08/2021;Córrego Fontes;ÁGUA;LEITO ABERTO;Antrópico;-16.0610318;-57.66494065;1;ÁGUA;Modificado;5.72;24.10;;0.60;78.60;8.30;1;Escura;2208.16
Josiane Carioca;01/08/2021;Córrego Fontes;ÁGUA;LEITO ABERTO;Antrópico;-16.0610318;-57.66494065;1;ÁGUA;Modificado;6.00;24.10;;0.70;85.70;12.40;2;Escura;3106.75
Josiane Carioca;01/08/2021;Córrego Fontes;ÁGUA;LEITO ABERTO;Antrópico;-16.0610318;-57.66494065;1;ÁGUA;Modificado;6.05;23.90;;0.80;86.70;13.60;3;Escura;3806.83
Josiane Carioca;01/08/2021;Córrego Fontes;ÁGUA;VEGETAÇÃO AQUÁTICA;Antrópico;-16.0610318;-57.66494065;1;VEGETAÇÃO AQUÁTICA;Modificado;6.32;23.70;;1.10;86.40;19.60;1;Escura;5910.78
Josiane Carioca;01/08/2021;Córrego Fontes;ÁGUA;VEGETAÇÃO AQUÁTICA;Antrópico;-16.0610318;-57.66494065;1;VEGETAÇÃO AQUÁTICA;Modificado;6.11;23.80;;1.70;86.40;22.50;2;Escura;6491.17
Josiane Carioca;01/08/2021;Córrego Fontes;ÁGUA;VEGETAÇÃO AQUÁTICA;Antrópico;-16.0610318;-57.66494065;1;VEGETAÇÃO AQUÁTICA;Modificado;6.04;23.90;;1.00;86.40;15.40;3;Escura;5348.80
Josiane Carioca;01/08/2021;Córrego Fontes;ÁGUA;LEITO ABERTO;Antrópico;-16.0610318;-57.66494065;1;ÁGUA;Modificado;5.72;24.10;;0.60;78.60;8.30;1;TRANSPARENTE;1558.07
Josiane Carioca;01/08/2021;Córrego Fontes;ÁGUA;LEITO ABERTO;Antrópico;-16.0610318;-57.66494065;1;ÁGUA;Modificado;6.00;24.10;;0.70;85.70;12.40;2;TRANSPARENTE;3372.42
Josiane Carioca;01/08/2021;Córrego Fontes;ÁGUA;LEITO ABERTO;Antrópico;-16.0610318;-57.66494065;1;ÁGUA;Modificado;6.05;23.90;;0.80;86.70;13.60;3;TRANSPARENTE;5186.77
Josiane Carioca;01/08/2021;Córrego Fontes;ÁGUA;VEGETAÇÃO AQUÁTICA;Antrópico;-16.0610318;-57.66494065;1;VEGETAÇÃO AQUÁTICA;Modificado;6.32;23.70;;1.10;86.40;19.60;1;TRANSPARENTE;4235.97
Josiane Carioca;01/08/2021;Córrego Fontes;ÁGUA;VEGETAÇÃO AQUÁTICA;Antrópico;-16.0610318;-57.66494065;1;VEGETAÇÃO AQUÁTICA;Modificado;6.11;23.80;;1.70;86.40;22.50;2;TRANSPARENTE;3779.01
Josiane Carioca;01/08/2021;Córrego Fontes;ÁGUA;VEGETAÇÃO AQUÁTICA;Antrópico;-16.0610318;-57.66494065;1;VEGETAÇÃO AQUÁTICA;Modificado;6.04;23.90;;1.00;86.40;15.40;3;TRANSPARENTE;2016.66
Josiane Carioca;01/08/2021;Córrego Sangradouro;ÁGUA;LEITO ABERTO;Antrópico;-16.07404276;-57.67562589;2;ÁGUA;Modificado;6.80;25.30;;0.30;405.00;7.20;1;Escura;6251.59
Josiane Carioca;01/08/2021;Córrego Sangradouro;ÁGUA;LEITO ABERTO;Antrópico;-16.07404276;-57.67562589;2;ÁGUA;Modificado;7.26;25.20;;0.40;408.00;7.90;2;Escura;5011.20
Josiane Carioca;01/08/2021;Córrego Sangradouro;ÁGUA;LEITO ABERTO;Antrópico;-16.07404276;-57.67562589;2;ÁGUA;Modificado;7.30;25.20;;0.60;427.00;11.00;3;Escura;3855.99
Josiane Carioca;01/08/2021;Córrego Sangradouro;ÁGUA;VEGETAÇÃO AQUÁTICA;Antrópico;-16.07404276;-57.67562589;2;VEGETAÇÃO AQUÁTICA;Modificado;6.80;25.30;;0.30;405.00;7.20;1;Escura;7722.61
Josiane Carioca;01/08/2021;Córrego Sangradouro;ÁGUA;VEGETAÇÃO AQUÁTICA;Antrópico;-16.07404276;-57.67562589;2;VEGETAÇÃO AQUÁTICA;Modificado;7.26;25.20;;0.40;408.00;7.90;2;Escura;13735.15
Josiane Carioca;01/08/2021;Córrego Sangradouro;ÁGUA;VEGETAÇÃO AQUÁTICA;Antrópico;-16.07404276;-57.67562589;2;VEGETAÇÃO AQUÁTICA;Modificado;7.30;25.20;;0.60;427.00;11.00;3;Escura;11330.45
Josiane Carioca;01/08/2021;Córrego Sangradouro;ÁGUA;LEITO ABERTO;Antrópico;-16.07404276;-57.67562589;2;ÁGUA;Modificado;6.80;25.30;;0.30;405.00;7.20;1;TRANSPARENTE;4558.75
Josiane Carioca;01/08/2021;Córrego Sangradouro;ÁGUA;LEITO ABERTO;Antrópico;-16.07404276;-57.67562589;2;ÁGUA;Modificado;7.26;25.20;;0.40;408.00;7.90;2;TRANSPARENTE;4933.26
Josiane Carioca;01/08/2021;Córrego Sangradouro;ÁGUA;LEITO ABERTO;Antrópico;-16.07404276;-57.67562589;2;ÁGUA;Modificado;7.30;25.20;;0.60;427.00;11.00;3;TRANSPARENTE;5307.77
Josiane Carioca;01/08/2021;Córrego Sangradouro;ÁGUA;VEGETAÇÃO AQUÁTICA;Antrópico;-16.07404276;-57.67562589;2;VEGETAÇÃO AQUÁTICA;Modificado;6.80;25.30;;0.30;405.00;7.20;1;TRANSPARENTE;-14689.23
Josiane Carioca;01/08/2021;Córrego Sangradouro;ÁGUA;VEGETAÇÃO AQUÁTICA;Antrópico;-16.07404276;-57.67562589;2;VEGETAÇÃO AQUÁTICA;Modificado;7.26;25.20;;0.40;408.00;7.90;2;TRANSPARENTE;-8984.73
Josiane Carioca;01/08/2021;Córrego Sangradouro;ÁGUA;VEGETAÇÃO AQUÁTICA;Antrópico;-16.07404276;-57.67562589;2;VEGETAÇÃO AQUÁTICA;Modificado;7.30;25.20;;0.60;427.00;11.00;3;TRANSPARENTE;-5260.18
Josiane Carioca;01/08/2021;Canal do Renato;ÁGUA;LEITO ABERTO;Antrópico;-16.08276826;-57.68859824;3;ÁGUA;Modificado;6.50;28.40;;0.30;418.00;5.00;1;Escura;10180.14
Josiane Carioca;01/08/2021;Canal do Renato;ÁGUA;LEITO ABERTO;Antrópico;-16.08276826;-57.68859824;3;ÁGUA;Modificado;6.71;28.40;;0.30;405.00;4.00;2;Escura;14213.02
Josiane Carioca;01/08/2021;Canal do Renato;ÁGUA;LEITO ABERTO;Antrópico;-16.08276826;-57.68859824;3;ÁGUA;Modificado;6.87;28.70;;0.30;408.00;5.20;3;Escura;12401.40
Josiane Carioca;01/08/2021;Canal do Renato;ÁGUA;VEGETAÇÃO AQUÁTICA;Antrópico;-16.08276826;-57.68859824;3;VEGETAÇÃO AQUÁTICA;Modificado;6.50;28.40;;0.30;418.00;5.00;1;Escura;25363.44
Josiane Carioca;01/08/2021;Canal do Renato;ÁGUA;VEGETAÇÃO AQUÁTICA;Antrópico;-16.08276826;-57.68859824;3;VEGETAÇÃO AQUÁTICA;Modificado;6.71;28.40;;0.30;405.00;4.00;2;Escura;19783.18
Josiane Carioca;01/08/2021;Canal do Renato;ÁGUA;VEGETAÇÃO AQUÁTICA;Antrópico;-16.08276826;-57.68859824;3;VEGETAÇÃO AQUÁTICA;Modificado;6.87;28.70;;0.30;408.00;5.20;3;Escura;27093.54
Josiane Carioca;01/08/2021;Canal do Renato;ÁGUA;LEITO ABERTO;Antrópico;-16.08276826;-57.68859824;3;ÁGUA;Modificado;6.50;28.40;;0.30;418.00;5.00;1;TRANSPARENTE;6292.97
Josiane Carioca;01/08/2021;Canal do Renato;ÁGUA;LEITO ABERTO;Antrópico;-16.08276826;-57.68859824;3;ÁGUA;Modificado;6.71;28.40;;0.30;405.00;4.00;2;TRANSPARENTE;8138.97
Josiane Carioca;01/08/2021;Canal do Renato;ÁGUA;LEITO ABERTO;Antrópico;-16.08276826;-57.68859824;3;ÁGUA;Modificado;6.87;28.70;;0.30;408.00;5.20;3;TRANSPARENTE;16677.25
Josiane Carioca;01/08/2021;Canal do Renato;ÁGUA;VEGETAÇÃO AQUÁTICA;Antrópico;-16.08276826;-57.68859824;3;VEGETAÇÃO AQUÁTICA;Modificado;6.50;28.40;;0.30;418.00;5.00;1;TRANSPARENTE;3428.75
Josiane Carioca;01/08/2021;Canal do Renato;ÁGUA;VEGETAÇÃO AQUÁTICA;Antrópico;-16.08276826;-57.68859824;3;VEGETAÇÃO AQUÁTICA;Modificado;6.71;28.40;;0.30;405.00;4.00;2;TRANSPARENTE;3425.47
Josiane Carioca;01/08/2021;Canal do Renato;ÁGUA;VEGETAÇÃO AQUÁTICA;Antrópico;-16.08276826;-57.68859824;3;VEGETAÇÃO AQUÁTICA;Modificado;6.87;28.70;;0.30;408.00;5.20;3;TRANSPARENTE;4535.63
Josiane Carioca;01/08/2021;Córrego do Junco;ÁGUA;LEITO ABERTO;Antrópico;-16.10030419;-57.71132834;4;ÁGUA;Modificado;6.69;26.60;;1.20;230.00;10.40;1;Escura;7594.14
Josiane Carioca;01/08/2021;Córrego do Junco;ÁGUA;LEITO ABERTO;Antrópico;-16.10030419;-57.71132834;4;ÁGUA;Modificado;6.61;26.30;;0.40;227.00;7.80;2;Escura;5069.62
Josiane Carioca;01/08/2021;Córrego do Junco;ÁGUA;LEITO ABERTO;Antrópico;-16.10030419;-57.71132834;4;ÁGUA;Modificado;6.72;26.30;;0.40;230.00;9.30;3;Escura;7628.90
Josiane Carioca;01/08/2021;Córrego do Junco;ÁGUA;VEGETAÇÃO AQUÁTICA;Antrópico;-16.10030419;-57.71132834;4;VEGETAÇÃO AQUÁTICA;Modificado;6.69;26.60;;1.20;230.00;10.40;1;Escura;14817.94
Josiane Carioca;01/08/2021;Córrego do Junco;ÁGUA;VEGETAÇÃO AQUÁTICA;Antrópico;-16.10030419;-57.71132834;4;VEGETAÇÃO AQUÁTICA;Modificado;6.61;26.30;;0.40;227.00;7.80;2;Escura;11974.60
Josiane Carioca;01/08/2021;Córrego do Junco;ÁGUA;VEGETAÇÃO AQUÁTICA;Antrópico;-16.10030419;-57.71132834;4;VEGETAÇÃO AQUÁTICA;Modificado;6.72;26.30;;0.40;230.00;9.30;3;Escura;9339.88
Josiane Carioca;01/08/2021;Córrego do Junco;ÁGUA;LEITO ABERTO;Antrópico;-16.10030419;-57.71132834;4;ÁGUA;Modificado;6.69;26.60;;1.20;230.00;10.40;1;TRANSPARENTE;11161.77
Josiane Carioca;01/08/2021;Córrego do Junco;ÁGUA;LEITO ABERTO;Antrópico;-16.10030419;-57.71132834;4;ÁGUA;Modificado;6.61;26.30;;0.40;227.00;7.80;2;TRANSPARENTE;7421.94
Josiane Carioca;01/08/2021;Córrego do Junco;ÁGUA;LEITO ABERTO;Antrópico;-16.10030419;-57.71132834;4;ÁGUA;Modificado;6.72;26.30;;0.40;230.00;9.30;3;TRANSPARENTE;9933.73
Josiane Carioca;01/08/2021;Córrego do Junco;ÁGUA;VEGETAÇÃO AQUÁTICA;Antrópico;-16.10030419;-57.71132834;4;VEGETAÇÃO AQUÁTICA;Modificado;6.69;26.60;;1.20;230.00;10.40;1;TRANSPARENTE;-8533.37
Josiane Carioca;01/08/2021;Córrego do Junco;ÁGUA;VEGETAÇÃO AQUÁTICA;Antrópico;-16.10030419;-57.71132834;4;VEGETAÇÃO AQUÁTICA;Modificado;6.61;26.30;;0.40;227.00;7.80;2;TRANSPARENTE;-9220.16
Josiane Carioca;01/08/2021;Córrego do Junco;ÁGUA;VEGETAÇÃO AQUÁTICA;Antrópico;-16.10030419;-57.71132834;4;VEGETAÇÃO AQUÁTICA;Modificado;6.72;26.30;;0.40;230.00;9.30;3;TRANSPARENTE;4440.55
Josiane Carioca;01/02/2022;Córrego Fontes;ÁGUA;LEITO ABERTO;Antrópico;-16.0610318;-57.66494065;1;ÁGUA;Modificado;6.52;28.60;;1.40;133.90;18.40;1;Escura;3378.15
Josiane Carioca;01/02/2022;Córrego Fontes;ÁGUA;LEITO ABERTO;Antrópico;-16.0610318;-57.66494065;1;ÁGUA;Modificado;6.34;28.60;;1.40;134.50;17.70;2;Escura;5301.57
Josiane Carioca;01/02/2022;Córrego Fontes;ÁGUA;LEITO ABERTO;Antrópico;-16.0610318;-57.66494065;1;ÁGUA;Modificado;6.30;28.60;;1.30;134.20;17.50;3;Escura;4333.73
Josiane Carioca;01/02/2022;Córrego Fontes;ÁGUA;VEGETAÇÃO AQUÁTICA;Antrópico;-16.0610318;-57.66494065;1;VEGETAÇÃO AQUÁTICA;Modificado;6.32;28.70;;1.50;134.40;18.10;1;Escura;5962.99
Josiane Carioca;01/02/2022;Córrego Fontes;ÁGUA;VEGETAÇÃO AQUÁTICA;Antrópico;-16.0610318;-57.66494065;1;VEGETAÇÃO AQUÁTICA;Modificado;6.35;28.70;;1.50;133.50;21.40;2;Escura;5761.14
Josiane Carioca;01/02/2022;Córrego Fontes;ÁGUA;VEGETAÇÃO AQUÁTICA;Antrópico;-16.0610318;-57.66494065;1;VEGETAÇÃO AQUÁTICA;Modificado;6.44;28.70;;1.60;135.10;21.40;3;Escura;7429.06
Josiane Carioca;01/02/2022;Córrego Fontes;ÁGUA;LEITO ABERTO;Antrópico;-16.0610318;-57.66494065;1;ÁGUA;Modificado;6.52;28.60;;1.40;133.90;18.40;1;TRANSPARENTE;2181.14
Josiane Carioca;01/02/2022;Córrego Fontes;ÁGUA;LEITO ABERTO;Antrópico;-16.0610318;-57.66494065;1;ÁGUA;Modificado;6.34;28.60;;1.40;134.50;17.70;2;TRANSPARENTE;5763.41
Josiane Carioca;01/02/2022;Córrego Fontes;ÁGUA;LEITO ABERTO;Antrópico;-16.0610318;-57.66494065;1;ÁGUA;Modificado;6.30;28.60;;1.30;134.20;17.50;3;TRANSPARENTE;6624.97
Josiane Carioca;01/02/2022;Córrego Fontes;ÁGUA;VEGETAÇÃO AQUÁTICA;Antrópico;-16.0610318;-57.66494065;1;VEGETAÇÃO AQUÁTICA;Modificado;6.32;28.70;;1.50;134.40;18.10;1;TRANSPARENTE;-7269.74
Josiane Carioca;01/02/2022;Córrego Fontes;ÁGUA;VEGETAÇÃO AQUÁTICA;Antrópico;-16.0610318;-57.66494065;1;VEGETAÇÃO AQUÁTICA;Modificado;6.35;28.70;;1.50;133.50;21.40;2;TRANSPARENTE;-3869.36
Josiane Carioca;01/02/2022;Córrego Fontes;ÁGUA;VEGETAÇÃO AQUÁTICA;Antrópico;-16.0610318;-57.66494065;1;VEGETAÇÃO AQUÁTICA;Modificado;6.44;28.70;;1.60;135.10;21.40;3;TRANSPARENTE;-10169.07
Josiane Carioca;01/02/2022;Córrego Sangradouro;ÁGUA;LEITO ABERTO;Antrópico;-16.0610318;-57.66494065;2;ÁGUA;Modificado;6.64;28.30;;2.10;110.90;27.90;1;Escura;6760.63
Josiane Carioca;01/02/2022;Córrego Sangradouro;ÁGUA;LEITO ABERTO;Antrópico;-16.07404276;-57.67562589;2;ÁGUA;Modificado;6.38;28.20;;2.20;110.20;26.50;2;Escura;5547.39
Josiane Carioca;01/02/2022;Córrego Sangradouro;ÁGUA;LEITO ABERTO;Antrópico;-16.07404276;-57.67562589;2;ÁGUA;Modificado;6.38;28.20;;2.30;110.30;26.90;3;Escura;5543.84
Josiane Carioca;01/02/2022;Córrego Sangradouro;ÁGUA;VEGETAÇÃO AQUÁTICA;Antrópico;-16.07404276;-57.67562589;2;VEGETAÇÃO AQUÁTICA;Modificado;7.80;28.30;;2.00;111.60;33.50;1;Escura;28260.95
Josiane Carioca;01/02/2022;Córrego Sangradouro;ÁGUA;VEGETAÇÃO AQUÁTICA;Antrópico;-16.07404276;-57.67562589;2;VEGETAÇÃO AQUÁTICA;Modificado;6.38;28.40;;2.00;110.90;25.30;2;Escura;5294.39
Josiane Carioca;01/02/2022;Córrego Sangradouro;ÁGUA;VEGETAÇÃO AQUÁTICA;Antrópico;-16.07404276;-57.67562589;2;VEGETAÇÃO AQUÁTICA;Modificado;6.29;28.40;;2.20;110.70;26.30;3;Escura;4807.15
Josiane Carioca;01/02/2022;Córrego Sangradouro;ÁGUA;LEITO ABERTO;Antrópico;-16.07404276;-57.67562589;2;ÁGUA;Modificado;6.64;28.30;;2.10;110.90;27.90;1;TRANSPARENTE;2551.97
Josiane Carioca;01/02/2022;Córrego Sangradouro;ÁGUA;LEITO ABERTO;Antrópico;-16.07404276;-57.67562589;2;ÁGUA;Modificado;6.38;28.20;;2.20;110.20;26.50;2;TRANSPARENTE;3452.79
Josiane Carioca;01/02/2022;Córrego Sangradouro;ÁGUA;LEITO ABERTO;Antrópico;-16.07404276;-57.67562589;2;ÁGUA;Modificado;6.38;28.20;;2.30;110.30;26.90;3;TRANSPARENTE;7252.02
Josiane Carioca;01/02/2022;Córrego Sangradouro;ÁGUA;VEGETAÇÃO AQUÁTICA;Antrópico;-16.07404276;-57.67562589;2;VEGETAÇÃO AQUÁTICA;Modificado;7.80;28.30;;2.00;111.60;33.50;1;TRANSPARENTE;5360.07
Josiane Carioca;01/02/2022;Córrego Sangradouro;ÁGUA;VEGETAÇÃO AQUÁTICA;Antrópico;-16.07404276;-57.67562589;2;VEGETAÇÃO AQUÁTICA;Modificado;6.38;28.40;;2.00;110.90;25.30;2;TRANSPARENTE;7032.50
Josiane Carioca;01/02/2022;Córrego Sangradouro;ÁGUA;VEGETAÇÃO AQUÁTICA;Antrópico;-16.07404276;-57.67562589;2;VEGETAÇÃO AQUÁTICA;Modificado;6.29;28.40;;2.20;110.70;26.30;3;TRANSPARENTE;6741.80
Josiane Carioca;01/02/2022;Canal do Renato;ÁGUA;LEITO ABERTO;Antrópico;-16.08276826;-57.68859824;3;ÁGUA;Modificado;7.06;30.20;;2.40;390.00;31.00;1;Escura;28022.38
Josiane Carioca;01/02/2022;Canal do Renato;ÁGUA;LEITO ABERTO;Antrópico;-16.08276826;-57.68859824;3;ÁGUA;Modificado;6.83;30.10;;2.30;375.00;30.30;2;Escura;23406.68
Josiane Carioca;01/02/2022;Canal do Renato;ÁGUA;LEITO ABERTO;Antrópico;-16.08276826;-57.68859824;3;ÁGUA;Modificado;6.88;29.90;;2.30;362.00;29.50;3;Escura;22970.89
Josiane Carioca;01/02/2022;Canal do Renato;ÁGUA;VEGETAÇÃO AQUÁTICA;Antrópico;-16.08276826;-57.68859824;3;VEGETAÇÃO AQUÁTICA;Modificado;7.06;30.20;;2.40;390.00;31.00;1;Escura;17185.17
Josiane Carioca;01/02/2022;Canal do Renato;ÁGUA;VEGETAÇÃO AQUÁTICA;Antrópico;-16.08276826;-57.68859824;3;VEGETAÇÃO AQUÁTICA;Modificado;6.83;30.10;;2.30;375.00;30.30;2;Escura;19069.05
Josiane Carioca;01/02/2022;Canal do Renato;ÁGUA;VEGETAÇÃO AQUÁTICA;Antrópico;-16.08276826;-57.68859824;3;VEGETAÇÃO AQUÁTICA;Modificado;6.88;29.90;;2.30;362.00;29.50;3;Escura;23754.84
Josiane Carioca;01/02/2022;Canal do Renato;ÁGUA;LEITO ABERTO;Antrópico;-16.08276826;-57.68859824;3;ÁGUA;Modificado;7.06;30.20;;2.40;390.00;31.00;1;TRANSPARENTE;26227.32
Josiane Carioca;01/02/2022;Canal do Renato;ÁGUA;LEITO ABERTO;Antrópico;-16.08276826;-57.68859824;3;ÁGUA;Modificado;6.83;30.10;;2.30;375.00;30.30;2;TRANSPARENTE;22360.21
Josiane Carioca;01/02/2022;Canal do Renato;ÁGUA;LEITO ABERTO;Antrópico;-16.08276826;-57.68859824;3;ÁGUA;Modificado;6.88;29.90;;2.30;362.00;29.50;3;TRANSPARENTE;14988.27
Josiane Carioca;01/02/2022;Canal do Renato;ÁGUA;VEGETAÇÃO AQUÁTICA;Antrópico;-16.08276826;-57.68859824;3;VEGETAÇÃO AQUÁTICA;Modificado;7.06;30.20;;2.40;390.00;31.00;1;TRANSPARENTE;7325.93
Josiane Carioca;01/02/2022;Canal do Renato;ÁGUA;VEGETAÇÃO AQUÁTICA;Antrópico;-16.08276826;-57.68859824;3;VEGETAÇÃO AQUÁTICA;Modificado;6.83;30.10;;2.30;375.00;30.30;2;TRANSPARENTE;7856.14
Josiane Carioca;01/02/2022;Canal do Renato;ÁGUA;VEGETAÇÃO AQUÁTICA;Antrópico;-16.08276826;-57.68859824;3;VEGETAÇÃO AQUÁTICA;Modificado;6.88;29.90;;2.30;362.00;29.50;3;TRANSPARENTE;8096.87
Josiane Carioca;01/02/2022;Córrego do Junco;ÁGUA;LEITO ABERTO;Antrópico;-16.10030419;-57.71132834;4;ÁGUA;Modificado;7.16;27.10;;2.40;171.00;30.80;1;Escura;7106.65
Josiane Carioca;01/02/2022;Córrego do Junco;ÁGUA;LEITO ABERTO;Antrópico;-16.10030419;-57.71132834;4;ÁGUA;Modificado;6.79;27.00;;2.30;171.00;34.90;2;Escura;5814.86
Josiane Carioca;01/02/2022;Córrego do Junco;ÁGUA;LEITO ABERTO;Antrópico;-16.10030419;-57.71132834;4;ÁGUA;Modificado;6.45;27.10;;1.90;170.90;25.40;3;Escura;7027.36
Josiane Carioca;01/02/2022;Córrego do Junco;ÁGUA;VEGETAÇÃO AQUÁTICA;Antrópico;-16.10030419;-57.71132834;4;VEGETAÇÃO AQUÁTICA;Modificado;6.43;27.10;;1.80;171.40;24.50;1;Escura;5814.34
Josiane Carioca;01/02/2022;Córrego do Junco;ÁGUA;VEGETAÇÃO AQUÁTICA;Antrópico;-16.10030419;-57.71132834;4;VEGETAÇÃO AQUÁTICA;Modificado;6.40;27.10;;1.80;170.50;24.10;2;Escura;5571.22
Josiane Carioca;01/02/2022;Córrego do Junco;ÁGUA;VEGETAÇÃO AQUÁTICA;Antrópico;-16.10030419;-57.71132834;4;VEGETAÇÃO AQUÁTICA;Modificado;6.42;27.00;;1.70;171.00;25.10;3;Escura;6053.92
Josiane Carioca;01/02/2022;Córrego do Junco;ÁGUA;LEITO ABERTO;Antrópico;-16.10030419;-57.71132834;4;ÁGUA;Modificado;7.16;27.10;;2.40;171.00;30.80;1;TRANSPARENTE;9578.77
Josiane Carioca;01/02/2022;Córrego do Junco;ÁGUA;LEITO ABERTO;Antrópico;-16.10030419;-57.71132834;4;ÁGUA;Modificado;6.79;27.00;;2.30;171.00;34.90;2;TRANSPARENTE;4940.12
Josiane Carioca;01/02/2022;Córrego do Junco;ÁGUA;LEITO ABERTO;Antrópico;-16.10030419;-57.71132834;4;ÁGUA;Modificado;6.45;27.10;;1.90;170.90;25.40;3;TRANSPARENTE;3974.03
Josiane Carioca;01/02/2022;Córrego do Junco;ÁGUA;VEGETAÇÃO AQUÁTICA;Antrópico;-16.10030419;-57.71132834;4;VEGETAÇÃO AQUÁTICA;Modificado;6.43;27.10;;1.80;171.40;24.50;1;TRANSPARENTE;-2477.62
Josiane Carioca;01/02/2022;Córrego do Junco;ÁGUA;VEGETAÇÃO AQUÁTICA;Antrópico;-16.10030419;-57.71132834;4;VEGETAÇÃO AQUÁTICA;Modificado;6.40;27.10;;1.80;170.50;24.10;2;TRANSPARENTE;-2855.26
Josiane Carioca;01/02/2022;Córrego do Junco;ÁGUA;VEGETAÇÃO AQUÁTICA;Antrópico;-16.10030419;-57.71132834;4;VEGETAÇÃO AQUÁTICA;Modificado;6.42;27.00;;1.70;171.00;25.10;3;TRANSPARENTE;-1332.00
